Disease,Date,V_Close,V_Volume,Index_H/L,Bu/Be,Volatility,Signal
EBOLA,2014-03-04,H,L,3,-1.5041731771454958,-4.512519531436487,N
EBOLA,2014-03-05,L,H,2,0.21417636850895594,0.4283527370179119,N
EBOLA,2014-03-06,H,H,4,-0.9849516543871562,-3.9398066175486246,N
EBOLA,2014-03-07,L,L,1,-0.628752827116219,-0.628752827116219,N
EBOLA,2014-03-10,L,H,2,0.1416583260143378,0.2833166520286756,N
EBOLA,2014-03-11,L,L,1,0.26405035586523073,0.26405035586523073,N
EBOLA,2014-03-12,H,H,4,0.6960101580135492,2.7840406320541966,N
EBOLA,2014-03-13,H,H,4,1.3450420576320177,5.380168230528071,N
EBOLA,2014-03-14,L,L,1,0.018430414746539725,0.018430414746539725,N
EBOLA,2014-03-17,H,L,3,-0.746404370062792,-2.239213110188376,N
EBOLA,2014-03-18,L,H,2,0.362082446960188,0.724164893920376,N
EBOLA,2014-03-19,H,H,4,-0.7770545934700168,-3.1082183738800673,N
EBOLA,2014-03-20,L,H,2,-0.17714152196268707,-0.35428304392537413,N
EBOLA,2014-03-21,H,H,4,1.0834061828710162,4.333624731484065,N
EBOLA,2014-03-24,H,L,3,0.7114450509624337,2.134335152887301,N
EBOLA,2014-03-25,L,L,1,-0.37615045871559616,-0.37615045871559616,N
EBOLA,2014-03-26,H,H,4,0.7827663977444166,3.1310655909776663,N
EBOLA,2014-03-27,L,H,2,0.5025548153772874,1.0051096307545748,N
EBOLA,2014-03-28,L,H,2,-0.5636830723462771,-1.1273661446925543,N
EBOLA,2014-03-31,L,L,1,-0.24687299313688182,-0.24687299313688182,N
EBOLA,2014-04-01,H,L,3,-1.109073347554046,-3.327220042662138,N
EBOLA,2014-04-02,L,L,1,-0.5746612343559332,-0.5746612343559332,N
EBOLA,2014-04-03,L,L,1,0.438147677024725,0.438147677024725,N
EBOLA,2014-04-04,L,H,2,0.6682764185683254,1.3365528371366509,N
EBOLA,2014-04-07,L,L,1,0.5993011303641937,0.5993011303641937,N
EBOLA,2014-04-08,L,H,2,0.2382934631262712,0.4765869262525424,N
EBOLA,2014-04-09,L,H,2,-0.4937377573263735,-0.987475514652747,N
EBOLA,2014-04-10,H,H,4,0.9280473963420466,3.7121895853681863,N
EBOLA,2014-04-11,H,L,3,0.8102758852977399,2.4308276558932196,N
EBOLA,2014-04-14,L,H,2,-0.26189920720943727,-0.5237984144188745,N
EBOLA,2014-04-15,L,H,2,0.6247690940824002,1.2495381881648004,N
EBOLA,2014-04-16,L,L,1,0.12597858704161968,0.12597858704161968,N
EBOLA,2014-04-17,H,H,4,-1.0964267393662297,-4.385706957464919,N
EBOLA,2014-04-21,L,H,2,-0.08178464111446848,-0.16356928222893696,N
EBOLA,2014-04-22,L,L,1,0.33648872623217585,0.33648872623217585,N
EBOLA,2014-04-23,L,L,1,0.571011500570795,0.571011500570795,N
EBOLA,2014-04-24,L,L,1,0.1892564905304317,0.1892564905304317,N
EBOLA,2014-04-25,L,L,1,0.1439273211105263,0.1439273211105263,N
EBOLA,2014-04-28,L,L,1,-0.4850453519258946,-0.4850453519258946,N
EBOLA,2014-04-29,L,L,1,-0.13539308479652012,-0.13539308479652012,N
EBOLA,2014-04-30,L,H,2,0.41576193434347264,0.8315238686869453,N
EBOLA,2014-05-01,H,H,4,0.8280819230977787,3.312327692391115,N
EBOLA,2014-05-02,L,L,1,0.6159632373494928,0.6159632373494928,N
EBOLA,2014-05-05,L,H,2,-0.603318255729901,-1.206636511459802,N
EBOLA,2014-05-06,L,L,1,0.4016816959892866,0.4016816959892866,N
EBOLA,2014-05-07,L,L,1,-0.3556196562334635,-0.3556196562334635,N
EBOLA,2014-05-08,L,L,1,-0.4282690858624427,-0.4282690858624427,N
EBOLA,2014-05-09,L,H,2,-0.3225806509423057,-0.6451613018846114,N
EBOLA,2014-05-12,L,L,1,-0.404528054738007,-0.404528054738007,N
EBOLA,2014-05-13,H,L,3,0.8665032867000377,2.599509860100113,N
EBOLA,2014-05-14,H,H,4,1.0827731543624042,4.331092617449617,N
EBOLA,2014-05-15,H,H,4,0.7967439872232918,3.186975948893167,N
EBOLA,2014-05-16,L,H,2,-0.2810468972330282,-0.5620937944660565,N
EBOLA,2014-05-19,H,H,4,-0.7398308900842809,-2.9593235603371237,N
EBOLA,2014-05-20,L,L,1,0.22182786748432548,0.22182786748432548,N
EBOLA,2014-05-21,L,L,1,-0.6108853637242673,-0.6108853637242673,N
EBOLA,2014-05-22,L,L,1,-0.1425298389002405,-0.1425298389002405,N
EBOLA,2014-05-23,L,H,2,0.5352355135635145,1.070471027127029,N
EBOLA,2014-05-27,L,H,2,0.585629119404496,1.171258238808992,N
EBOLA,2014-05-28,H,H,4,1.2350043998323512,4.940017599329405,N
EBOLA,2014-05-29,L,L,1,-0.5315440827545426,-0.5315440827545426,N
EBOLA,2014-05-30,L,H,2,-0.04380551828636614,-0.08761103657273228,N
EBOLA,2014-06-02,H,H,4,-0.9991227168996142,-3.9964908675984567,N
EBOLA,2014-06-03,H,L,3,-1.2305232049444337,-3.691569614833301,N
EBOLA,2014-06-04,L,H,2,-0.026888052343809754,-0.05377610468761951,N
EBOLA,2014-06-05,L,L,1,0.044822484805240315,0.044822484805240315,N
EBOLA,2014-06-06,L,L,1,0.0,0.0,N
EBOLA,2014-06-09,L,L,1,-0.14337844406768774,-0.14337844406768774,N
EBOLA,2014-06-10,L,L,1,-0.3679466929911168,-0.3679466929911168,N
EBOLA,2014-06-11,L,L,1,0.1801513289538148,0.1801513289538148,N
EBOLA,2014-06-12,H,H,4,0.8901258686375924,3.5605034745503694,N
EBOLA,2014-06-13,L,H,2,-0.053468497045428,-0.106936994090856,N
EBOLA,2014-06-16,L,L,1,0.24966383861499963,0.24966383861499963,N
EBOLA,2014-06-17,H,L,3,-0.7916027750600407,-2.374808325180122,N
EBOLA,2014-06-18,H,H,4,0.7710247375737334,3.0840989502949334,N
EBOLA,2014-06-19,H,L,3,-1.281141436278621,-3.8434243088358633,N
EBOLA,2014-06-20,H,H,4,0.7570331719271239,3.0281326877084958,N
EBOLA,2014-06-23,L,L,1,-0.3130643923149212,-0.3130643923149212,N
EBOLA,2014-06-24,H,H,4,1.0139120954844039,4.0556483819376155,N
EBOLA,2014-06-25,L,H,2,0.257595483077,0.515190966154,N
EBOLA,2014-06-26,L,L,1,0.4784273816312412,0.4784273816312412,N
EBOLA,2014-06-27,L,L,1,-0.14990388325883952,-0.14990388325883952,N
EBOLA,2014-06-30,L,L,1,0.24726157271743876,0.24726157271743876,N
EBOLA,2014-07-01,H,H,4,-1.0923168012416329,-4.3692672049665315,N
EBOLA,2014-07-02,H,L,3,-1.0687540173561993,-3.206262052068598,N
EBOLA,2014-07-03,L,L,1,-0.36010262225238954,-0.36010262225238954,N
EBOLA,2014-07-07,H,L,3,0.7318377303939139,2.1955131911817416,N
EBOLA,2014-07-08,H,L,3,1.121176807268398,3.3635304218051942,N
EBOLA,2014-07-09,L,L,1,0.0798332460499207,0.0798332460499207,N
EBOLA,2014-07-10,L,L,1,0.02658778646480453,0.02658778646480453,N
EBOLA,2014-07-11,L,H,2,0.637959413096234,1.275918826192468,N
EBOLA,2014-07-14,L,L,1,-0.4314192563581787,-0.4314192563581787,N
EBOLA,2014-07-15,L,H,2,-0.2033734265938114,-0.4067468531876228,N
EBOLA,2014-07-16,L,H,2,0.5316303337619122,1.0632606675238243,N
EBOLA,2014-07-17,H,H,4,1.260356083733094,5.041424334932376,N
EBOLA,2014-07-18,L,H,2,-0.32204891915788014,-0.6440978383157603,N
EBOLA,2014-07-21,L,L,1,0.4977287940375996,0.4977287940375996,N
EBOLA,2014-07-22,L,L,1,0.2085376734221267,0.2085376734221267,N
EBOLA,2014-07-23,L,H,2,-0.13006329437157405,-0.2601265887431481,N
EBOLA,2014-07-24,H,H,4,-0.7466574057996334,-2.9866296231985334,N
EBOLA,2014-07-25,H,L,3,1.1808939818054531,3.5426819454163594,N
EBOLA,2014-07-28,L,L,1,-0.13832108823931266,-0.13832108823931266,N
EBOLA,2014-07-29,L,L,1,0.3636031449467003,0.3636031449467003,N
EBOLA,2014-07-30,H,H,4,-1.3887690847925627,-5.555076339170251,N
EBOLA,2014-07-31,L,H,2,-0.2974081525542349,-0.5948163051084698,N
EBOLA,2014-08-01,L,L,1,0.508856803592117,0.508856803592117,N
EBOLA,2014-08-04,L,H,2,-0.26186802133149056,-0.5237360426629811,N
EBOLA,2014-08-05,L,H,2,0.3238184784908338,0.6476369569816676,N
EBOLA,2014-08-06,L,L,1,0.06106604015700956,0.06106604015700956,N
EBOLA,2014-08-07,H,L,3,0.9328683766225421,2.798605129867626,N
EBOLA,2014-08-08,L,L,1,-0.21594541459649674,-0.21594541459649674,N
EBOLA,2014-08-11,L,L,1,-0.008652181665136371,-0.008652181665136371,N
EBOLA,2014-08-12,L,L,1,-0.6492944221401675,-0.6492944221401675,N
EBOLA,2014-08-13,L,L,1,0.6535378066654163,0.6535378066654163,N
EBOLA,2014-08-14,H,L,3,0.8051250834538282,2.4153752503614845,N
EBOLA,2014-08-15,H,H,4,1.0906878892015026,4.3627515568060105,N
EBOLA,2014-08-18,H,H,4,-0.9939665363517647,-3.9758661454070587,N
EBOLA,2014-08-19,L,L,1,-0.3089076685351966,-0.3089076685351966,N
EBOLA,2014-08-20,L,L,1,-0.163541056980554,-0.163541056980554,N
EBOLA,2014-08-21,L,L,1,0.5603940091455151,0.5603940091455151,N
EBOLA,2014-08-22,L,H,2,0.5572719526515169,1.1145439053030337,N
EBOLA,2014-08-25,L,H,2,0.37514024746234664,0.7502804949246933,N
EBOLA,2014-08-26,L,L,1,-0.3227766842068269,-0.3227766842068269,N
EBOLA,2014-08-27,H,L,3,0.8521516975228183,2.556455092568455,N
EBOLA,2014-08-28,L,L,1,0.5238724211892309,0.5238724211892309,N
EBOLA,2014-08-29,L,L,1,0.06724552351646818,0.06724552351646818,N
EBOLA,2014-09-02,H,L,3,-1.948760975671715,-5.846282927015145,N
EBOLA,2014-09-03,L,H,2,0.5568354178830948,1.1136708357661895,N
EBOLA,2014-09-04,H,H,4,-1.218265493736559,-4.873061974946236,N
EBOLA,2014-09-05,L,H,2,-0.18973178584903438,-0.37946357169806877,N
EBOLA,2014-09-08,L,H,2,0.043200551891464656,0.08640110378292931,N
EBOLA,2014-09-09,L,H,2,-0.07773104230204275,-0.1554620846040855,N
EBOLA,2014-09-10,L,H,2,-0.630999211150507,-1.261998422301014,N
EBOLA,2014-09-11,L,L,1,-0.3305471497089929,-0.3305471497089929,N
EBOLA,2014-09-12,H,L,3,-1.0473075397572473,-3.141922619271742,N
EBOLA,2014-09-15,L,H,2,0.14994355662225622,0.29988711324451245,N
EBOLA,2014-09-16,L,H,2,-0.40511403597233153,-0.8102280719446631,N
EBOLA,2014-09-17,L,H,2,-0.256426748834615,-0.51285349766923,N
EBOLA,2014-09-18,L,H,2,0.3191498142069982,0.6382996284139963,N
EBOLA,2014-09-19,H,H,4,1.2725291172665631,5.090116469066253,N
EBOLA,2014-09-22,L,H,2,0.12216405099763072,0.24432810199526145,N
EBOLA,2014-09-23,L,L,1,0.6187894477739153,0.6187894477739153,N
EBOLA,2014-09-24,L,L,1,-0.5543516817934635,-0.5543516817934635,N
EBOLA,2014-09-25,H,H,4,1.1845658250076774,4.7382633000307095,N
EBOLA,2014-09-26,L,L,1,-0.14633554525841364,-0.14633554525841364,N
EBOLA,2014-09-29,H,L,3,0.801724137931048,2.405172413793144,N
EBOLA,2014-09-30,L,L,1,-0.5644428290430215,-0.5644428290430215,N
EBOLA,2014-10-01,H,H,4,1.6857366909538873,6.742946763815549,N
EBOLA,2014-10-02,H,H,4,-0.8711883395621678,-3.484753358248671,N
EBOLA,2014-10-03,L,L,1,0.4266211713298995,0.4266211713298995,N
EBOLA,2014-10-06,L,H,2,0.0594732385592156,0.1189464771184312,N
EBOLA,2014-10-07,H,H,4,1.3500925876732461,5.4003703506929845,B
EBOLA,2014-10-08,L,L,1,0.025132372443592566,0.025132372443592566,N
EBOLA,2014-10-09,L,L,1,-0.4355440190597637,-0.4355440190597637,N
EBOLA,2014-10-10,H,L,3,0.9926810551186716,2.9780431653560147,B
EBOLA,2014-10-13,L,L,1,0.6080766195399434,0.6080766195399434,N
EBOLA,2014-10-14,L,H,2,0.6540826349899165,1.308165269979833,N
EBOLA,2014-10-15,H,H,4,0.7896676811713466,3.1586707246853862,B
EBOLA,2014-10-16,L,H,2,-0.6365779860979193,-1.2731559721958385,N
EBOLA,2014-10-17,L,H,2,-0.5585215605749538,-1.1170431211499077,N
EBOLA,2014-10-20,L,L,1,0.36342776905922136,0.36342776905922136,N
EBOLA,2014-10-21,H,L,3,-0.7982890165700085,-2.3948670497100255,B
EBOLA,2014-10-22,L,L,1,0.10784552756057941,0.10784552756057941,N
EBOLA,2014-10-23,H,L,3,-0.8867158512756323,-2.660147553826897,B
EBOLA,2014-10-24,L,H,2,0.10033695819962052,0.20067391639924104,N
EBOLA,2014-10-27,L,H,2,0.18376294534110382,0.36752589068220765,N
EBOLA,2014-10-28,L,H,2,-0.6253126459010772,-1.2506252918021543,N
EBOLA,2014-10-29,L,H,2,0.22652655044002046,0.4530531008800409,N
EBOLA,2014-10-30,L,L,1,0.08370919206184269,0.08370919206184269,N
EBOLA,2014-10-31,L,L,1,-0.2592823730224514,-0.2592823730224514,N
EBOLA,2014-11-03,L,H,2,-0.24318742138365046,-0.4863748427673009,N
EBOLA,2014-11-04,L,H,2,0.31103144175379516,0.6220628835075903,N
EBOLA,2014-11-05,L,L,1,-0.1424604015342279,-0.1424604015342279,N
EBOLA,2014-11-06,L,L,1,-0.6461941709904551,-0.6461941709904551,N
EBOLA,2014-11-07,H,H,4,1.1487465254560902,4.594986101824361,B
EBOLA,2014-11-10,H,H,4,-0.9185787056367412,-3.6743148225469646,B
EBOLA,2014-11-11,L,H,2,0.0674260418470185,0.134852083694037,N
EBOLA,2014-11-12,L,H,2,-0.0842297628847799,-0.1684595257695598,N
EBOLA,2014-11-13,L,L,1,0.23603389284414522,0.23603389284414522,N
EBOLA,2014-11-14,L,L,1,0.48775879277576095,0.48775879277576095,N
EBOLA,2014-11-17,L,L,1,-0.2510636915400988,-0.2510636915400988,N
EBOLA,2014-11-18,L,L,1,0.2768646652090867,0.2768646652090867,N
EBOLA,2014-11-19,L,L,1,-0.6358726732565101,-0.6358726732565101,N
EBOLA,2014-11-20,L,L,1,0.5220570811374614,0.5220570811374614,N
EBOLA,2014-11-21,L,H,2,0.6031169526667046,1.2062339053334092,N
EBOLA,2014-11-24,L,L,1,0.08326311545816534,0.08326311545816534,N
EBOLA,2014-11-25,H,H,4,0.8319467761717103,3.3277871046868412,B
EBOLA,2014-11-26,L,H,2,0.27227888462737493,0.5445577692547499,N
EBOLA,2014-11-28,H,L,3,0.7899275963953567,2.36978278918607,B
EBOLA,2014-12-01,H,H,4,-0.8082276236138108,-3.2329104944552434,B
EBOLA,2014-12-02,H,L,3,-0.971193415637861,-2.913580246913583,B
EBOLA,2014-12-03,L,L,1,0.39062583111701965,0.39062583111701965,N
EBOLA,2014-12-04,H,L,3,0.8361635827786706,2.508490748336012,B
EBOLA,2014-12-05,L,H,2,-0.5829285570707277,-1.1658571141414553,N
EBOLA,2014-12-08,H,L,3,1.2222347418361368,3.6667042255084104,B
EBOLA,2014-12-09,L,L,1,0.5139895569878483,0.5139895569878483,N
EBOLA,2014-12-10,H,L,3,0.7305203099964297,2.191560929989289,B
EBOLA,2014-12-11,L,L,1,0.41096132813798203,0.41096132813798203,N
EBOLA,2014-12-12,H,L,3,1.3562330362231645,4.0686991086694935,B
EBOLA,2014-12-15,L,L,1,-0.20586064435802465,-0.20586064435802465,N
EBOLA,2014-12-16,H,L,3,1.2376999267081912,3.7130997801245735,B
EBOLA,2014-12-17,H,H,4,-0.9012547163206097,-3.605018865282439,B
EBOLA,2014-12-18,H,L,3,-1.7793594728199191,-5.338078418459757,S
EBOLA,2014-12-19,H,H,4,1.344610338436647,5.378441353746588,B
EBOLA,2014-12-22,L,H,2,0.13505839036169753,0.27011678072339507,N
EBOLA,2014-12-23,H,H,4,-1.9834972867066258,-7.933989146826503,S
EBOLA,2014-12-24,L,L,1,0.3318730748593568,0.3318730748593568,N
EBOLA,2014-12-26,L,H,2,0.37112304246365024,0.7422460849273005,N
EBOLA,2014-12-29,H,H,4,0.7475218793498328,2.9900875173993313,B
EBOLA,2014-12-30,L,L,1,0.2712653668825782,0.2712653668825782,N
EBOLA,2014-12-31,L,L,1,0.19095957988541912,0.19095957988541912,N
EBOLA,2015-01-02,H,H,4,1.1118186326527724,4.4472745306110895,B
EBOLA,2015-01-05,H,L,3,1.570850612629604,4.712551837888812,B
EBOLA,2015-01-06,H,H,4,1.8017219872250578,7.206887948900231,B
EBOLA,2015-01-07,L,H,2,-0.1974895646406183,-0.3949791292812366,N
EBOLA,2015-01-08,H,L,3,-1.3243055127810766,-3.9729165383432297,S
EBOLA,2015-01-09,H,L,3,1.095266537382189,3.285799612146567,B
EBOLA,2015-01-12,L,L,1,0.5722132905661592,0.5722132905661592,N
EBOLA,2015-01-13,L,L,1,0.0,0.0,N
EBOLA,2015-01-14,H,H,4,0.758610185781583,3.034440743126332,B
EBOLA,2015-01-15,H,L,3,1.573555857439457,4.720667572318371,B
EBOLA,2015-01-16,H,L,3,-1.2749254680920585,-3.8247764042761756,S
EBOLA,2015-01-20,H,L,3,1.3289323323232738,3.9867969969698214,B
EBOLA,2015-01-21,H,L,3,-1.1559076163948578,-3.4677228491845735,S
EBOLA,2015-01-22,L,L,1,-0.3598171076379497,-0.3598171076379497,N
EBOLA,2015-01-23,H,L,3,1.3918191602741325,4.175457480822398,B
EBOLA,2015-01-26,L,L,1,-0.30422422485050227,-0.30422422485050227,N
EBOLA,2015-01-27,L,H,2,0.1563009812719507,0.3126019625439014,N
EBOLA,2015-01-28,H,H,4,1.6348345735019532,6.539338294007813,B
EBOLA,2015-01-29,L,L,1,-0.6580456047950434,-0.6580456047950434,N
EBOLA,2015-01-30,H,H,4,1.773757333250825,7.0950293330033,B
EBOLA,2015-02-02,L,L,1,-0.5785384768479784,-0.5785384768479784,N
EBOLA,2015-02-03,H,L,3,-2.1166635762776664,-6.349990728832999,S
EBOLA,2015-02-04,L,L,1,0.17091178422841136,0.17091178422841136,N
EBOLA,2015-02-05,H,L,3,-1.0979198568712212,-3.2937595706136635,S
EBOLA,2015-02-06,H,H,4,-1.7701769247581711,-7.0807076990326845,S
EBOLA,2015-02-09,L,H,2,-0.16035964323063423,-0.32071928646126846,N
EBOLA,2015-02-10,H,L,3,-0.7954057361376554,-2.3862172084129663,B
EBOLA,2015-02-11,L,L,1,0.18502042020549503,0.18502042020549503,N
EBOLA,2015-02-12,L,H,2,-0.3308911196050257,-0.6617822392100514,N
EBOLA,2015-02-13,H,L,3,-1.0268699497569589,-3.0806098492708767,S
EBOLA,2015-02-17,H,H,4,-1.5055776346738714,-6.022310538695486,S
EBOLA,2015-02-18,L,L,1,0.5940123460476343,0.5940123460476343,N
EBOLA,2015-02-19,L,H,2,-0.661368385774852,-1.322736771549704,N
EBOLA,2015-02-20,L,H,2,0.2932575143577365,0.586515028715473,N
EBOLA,2015-02-23,H,H,4,1.1458803449827748,4.583521379931099,B
EBOLA,2015-02-24,H,H,4,1.3126025675850084,5.2504102703400335,B
EBOLA,2015-02-25,L,L,1,0.431863969026991,0.431863969026991,N
EBOLA,2015-02-26,H,H,4,-1.3668118364988713,-5.467247345995485,S
EBOLA,2015-02-27,H,L,3,0.8407956599640887,2.522386979892266,B
EBOLA,2015-03-02,H,L,3,-2.0535752493906934,-6.16072574817208,S
EBOLA,2015-03-03,L,L,1,-0.36257506827677144,-0.36257506827677144,N
EBOLA,2015-03-04,L,L,1,0.03163752767540995,0.03163752767540995,N
EBOLA,2015-03-05,L,L,1,-0.1265290658725715,-0.1265290658725715,N
EBOLA,2015-03-06,H,H,4,-2.209201819548645,-8.83680727819458,S
EBOLA,2015-03-09,H,H,4,0.9230761133603327,3.6923044534413307,B
EBOLA,2015-03-10,H,L,3,1.3157894842409368,3.9473684527228103,B
EBOLA,2015-03-11,H,L,3,0.7285381749171371,2.1856145247514114,B
EBOLA,2015-03-12,L,H,2,-0.07075157399570875,-0.1415031479914175,N
EBOLA,2015-03-13,L,L,1,-0.3068208614049217,-0.3068208614049217,N
EBOLA,2015-03-16,H,L,3,0.9627533067964711,2.8882599203894133,B
EBOLA,2015-03-17,H,L,3,0.8285117894557992,2.4855353683673975,B
EBOLA,2015-03-18,H,H,4,1.9302364341085232,7.720945736434093,B
EBOLA,2015-03-19,L,L,1,-0.5095429116456329,-0.5095429116456329,N
EBOLA,2015-03-20,L,H,2,0.5274330859804888,1.0548661719609775,N
EBOLA,2015-03-23,L,L,1,-0.12165539204833653,-0.12165539204833653,N
EBOLA,2015-03-24,H,L,3,0.9668739565950046,2.900621869785014,B
EBOLA,2015-03-25,H,L,3,-0.8445144338905974,-2.5335433016717923,B
EBOLA,2015-03-26,H,H,4,-1.5589376425855561,-6.2357505703422245,S
EBOLA,2015-03-27,H,L,3,1.2437242466680098,3.7311727400040295,B
EBOLA,2015-03-30,L,L,1,-0.495951480176271,-0.495951480176271,N
EBOLA,2015-03-31,L,L,1,0.2147059208739588,0.2147059208739588,N
EBOLA,2015-04-01,H,H,4,1.1018463371054388,4.407385348421755,B
EBOLA,2015-04-02,H,L,3,-1.0595693234099368,-3.1787079702298104,S
EBOLA,2015-04-06,L,L,1,-0.5583997723062728,-0.5583997723062728,N
EBOLA,2015-04-07,H,L,3,0.8384584615384494,2.515375384615348,B
EBOLA,2015-04-08,L,L,1,0.03052025419241211,0.03052025419241211,N
EBOLA,2015-04-09,H,L,3,-1.2964324984201858,-3.8892974952605575,S
EBOLA,2015-04-10,L,L,1,0.1467990498925431,0.1467990498925431,N
EBOLA,2015-04-13,L,L,1,0.1388736359695164,0.1388736359695164,N
EBOLA,2015-04-14,H,H,4,0.708781185467311,2.835124741869244,B
EBOLA,2015-04-15,L,L,1,-0.08414932616164217,-0.08414932616164217,N
EBOLA,2015-04-16,L,H,2,-0.4976602059745705,-0.995320411949141,N
EBOLA,2015-04-17,H,L,3,1.1464988609918958,3.4394965829756874,B
EBOLA,2015-04-20,H,L,3,-0.8824678786413465,-2.6474036359240394,B
EBOLA,2015-04-21,L,L,1,-0.45283293552712545,-0.45283293552712545,N
EBOLA,2015-04-22,H,H,4,-1.5265967970685468,-6.106387188274187,S
EBOLA,2015-04-23,L,L,1,0.43063184755220973,0.43063184755220973,N
EBOLA,2015-04-24,L,L,1,0.6236867350530417,0.6236867350530417,N
EBOLA,2015-04-27,L,L,1,0.0,0.0,N
EBOLA,2015-04-28,H,H,4,-1.3791011880862403,-5.516404752344961,S
EBOLA,2015-04-29,H,H,4,-1.2255463805047828,-4.902185522019131,S
EBOLA,2015-04-30,L,L,1,0.17497335142830917,0.17497335142830917,N
EBOLA,2015-05-01,H,L,3,-1.548231080942386,-4.644693242827158,S
EBOLA,2015-05-04,H,L,3,-0.9435467741935377,-2.830640322580613,B
EBOLA,2015-05-05,L,H,2,-0.138401039837166,-0.276802079674332,N
EBOLA,2015-05-06,H,L,3,-1.7120544036506091,-5.136163210951827,S
EBOLA,2015-05-07,H,L,3,1.3437309446538093,4.031192833961428,B
EBOLA,2015-05-08,L,L,1,0.27009494188900973,0.27009494188900973,N
EBOLA,2015-05-11,H,L,3,-2.4324569025800824,-7.297370707740248,S
EBOLA,2015-05-12,L,L,1,0.25934660971593804,0.25934660971593804,N
EBOLA,2015-05-13,H,L,3,-0.8010672830796817,-2.403201849239045,B
EBOLA,2015-05-14,L,H,2,0.26917901083054474,0.5383580216610895,N
EBOLA,2015-05-15,H,H,4,2.005032768583037,8.020131074332149,B
EBOLA,2015-05-18,H,L,3,-1.6777638515589666,-5.0332915546769,S
EBOLA,2015-05-19,H,L,3,-0.88666246206619,-2.65998738619857,B
EBOLA,2015-05-20,L,L,1,0.1687939939031935,0.1687939939031935,N
EBOLA,2015-05-21,H,H,4,1.3985980049102897,5.594392019641159,B
EBOLA,2015-05-22,L,H,2,0.04154881664393262,0.08309763328786524,N
EBOLA,2015-05-26,H,H,4,1.7109609350338673,6.843843740135469,B
EBOLA,2015-05-27,L,H,2,0.228645273792627,0.457290547585254,N
EBOLA,2015-05-28,L,L,1,-0.24441584234016211,-0.24441584234016211,N
EBOLA,2015-05-29,L,L,1,0.22051371740421377,0.22051371740421377,N
EBOLA,2015-06-01,H,H,4,-1.2875902639360226,-5.15036105574409,S
EBOLA,2015-06-02,H,L,3,-1.395191151536146,-4.185573454608438,S
EBOLA,2015-06-03,H,H,4,-1.60750583376581,-6.43002333506324,S
EBOLA,2015-06-04,H,L,3,1.3019111972918163,3.9057335918754488,B
EBOLA,2015-06-05,H,L,3,-1.217979809710723,-3.653939429132169,S
EBOLA,2015-06-08,L,H,2,-0.1105416685466265,-0.221083337093253,N
EBOLA,2015-06-09,H,H,4,-0.791691488961499,-3.166765955845996,B
EBOLA,2015-06-10,H,L,3,-0.8752393952699555,-2.6257181858098666,B
EBOLA,2015-06-11,H,L,3,2.1035319105834116,6.310595731750235,B
EBOLA,2015-06-12,L,H,2,0.0,0.0,N
EBOLA,2015-06-15,L,L,1,0.16108690532650183,0.16108690532650183,N
EBOLA,2015-06-16,H,L,3,0.787202478307103,2.361607434921309,B
EBOLA,2015-06-17,H,H,4,-0.772653061224482,-3.090612244897928,B
EBOLA,2015-06-18,L,L,1,-0.49090308098345137,-0.49090308098345137,N
EBOLA,2015-06-19,H,L,3,1.2843429446287358,3.8530288338862073,B
EBOLA,2015-06-22,H,L,3,-2.04064491030157,-6.1219347309047105,S
EBOLA,2015-06-23,L,L,1,-0.6000900025702527,-0.6000900025702527,N
EBOLA,2015-06-24,H,L,3,0.8624407295154901,2.5873221885464703,B
EBOLA,2015-06-25,L,L,1,-0.3505737584584945,-0.3505737584584945,N
EBOLA,2015-06-26,H,H,4,-1.1240758441387055,-4.496303376554822,S
EBOLA,2015-06-29,H,H,4,2.646876612508642,10.587506450034567,B
EBOLA,2015-06-30,H,L,3,-0.6932702121514311,-2.0798106364542934,B
EBOLA,2015-07-01,H,L,3,-1.5664873281669323,-4.699461984500797,S
EBOLA,2015-07-02,L,H,2,0.3286602578621345,0.657320515724269,N
EBOLA,2015-07-06,H,H,4,1.8534499999999898,7.413799999999959,B
EBOLA,2015-07-07,H,H,4,0.9394836912486992,3.757934764994797,B
EBOLA,2015-07-08,H,H,4,0.8636583789425112,3.4546335157700447,B
EBOLA,2015-07-09,H,L,3,-1.9702410676677995,-5.910723203003398,S
EBOLA,2015-07-10,H,L,3,-1.585816682256036,-4.757450046768108,S
EBOLA,2015-07-13,L,H,2,-0.31021196957659036,-0.6204239391531807,N
EBOLA,2015-07-14,L,H,2,0.3284622641807733,0.6569245283615466,N
EBOLA,2015-07-15,H,H,4,1.0597079348668936,4.2388317394675745,B
EBOLA,2015-07-16,H,L,3,0.6905353617083776,2.071606085125133,B
EBOLA,2015-07-17,L,L,1,0.5164676952293057,0.5164676952293057,N
EBOLA,2015-07-20,L,L,1,-0.42115902610210254,-0.42115902610210254,N
EBOLA,2015-07-21,L,L,1,0.5413635548861206,0.5413635548861206,N
EBOLA,2015-07-22,L,L,1,0.6225786587365167,0.6225786587365167,N
EBOLA,2015-07-23,H,H,4,1.2458177465855869,4.983270986342347,B
EBOLA,2015-07-24,L,L,1,0.24775209340992532,0.24775209340992532,N
EBOLA,2015-07-27,L,L,1,0.5354658582705785,0.5354658582705785,N
EBOLA,2015-07-28,H,L,3,-0.7292682667218275,-2.1878048001654826,B
EBOLA,2015-07-29,L,L,1,-0.3714444841693032,-0.3714444841693032,N
EBOLA,2015-07-30,H,L,3,0.7705054044036208,2.3115162132108624,B
EBOLA,2015-07-31,H,H,4,0.7399506883158047,2.9598027532632187,B
EBOLA,2015-08-03,H,L,3,0.8324524674157452,2.4973574022472356,B
EBOLA,2015-08-04,H,H,4,-0.7932035420509131,-3.1728141682036526,B
EBOLA,2015-08-05,H,L,3,-0.7505898670147615,-2.2517696010442845,B
EBOLA,2015-08-06,H,L,3,0.8877936557699417,2.663380967309825,B
EBOLA,2015-08-07,H,H,4,1.3118169645934152,5.247267858373661,B
EBOLA,2015-08-10,H,L,3,-1.2385338986177885,-3.7156016958533655,S
EBOLA,2015-08-11,H,H,4,1.587945400945956,6.351781603783824,B
EBOLA,2015-08-12,L,L,1,-0.54509018036073,-0.54509018036073,N
EBOLA,2015-08-13,L,L,1,-0.32240025791892,-0.32240025791892,N
EBOLA,2015-08-14,L,H,2,0.23449583948405017,0.46899167896810035,N
EBOLA,2015-08-17,L,H,2,0.4517570220374134,0.9035140440748268,N
EBOLA,2015-08-18,H,H,4,-0.787018971739939,-3.148075886959756,B
EBOLA,2015-08-19,H,H,4,0.9875352032739482,3.9501408130957927,B
EBOLA,2015-08-20,H,L,3,1.0099350591546097,3.029805177463829,B
EBOLA,2015-08-21,L,L,1,0.3015434129870709,0.3015434129870709,N
EBOLA,2015-08-24,L,H,2,-0.03164636025876355,-0.0632927205175271,N
EBOLA,2015-08-25,H,L,3,-1.6065202468619755,-4.819560740585926,S
EBOLA,2015-08-26,H,L,3,-1.930348235657553,-5.791044706972659,S
EBOLA,2015-08-27,L,H,2,0.0574099893381419,0.1148199786762838,N
EBOLA,2015-08-28,L,L,1,0.2950827868852368,0.2950827868852368,N
EBOLA,2015-08-31,H,L,3,-0.768227355604556,-2.304682066813668,B
EBOLA,2015-09-01,L,H,2,0.5023892357501225,1.004778471500245,N
EBOLA,2015-09-02,H,H,4,-0.8604408822456944,-3.4417635289827775,B
EBOLA,2015-09-03,L,L,1,0.48768142285464666,0.48768142285464666,N
EBOLA,2015-09-04,H,L,3,0.9130542074525128,2.7391626223575383,B
EBOLA,2015-09-08,H,L,3,-1.4753806651450985,-4.426141995435295,S
EBOLA,2015-09-09,L,L,1,0.47984941309218154,0.47984941309218154,N
EBOLA,2015-09-10,L,L,1,-0.6751749858009415,-0.6751749858009415,N
EBOLA,2015-09-11,L,L,1,0.6300273720474259,0.6300273720474259,N
EBOLA,2015-09-14,L,L,1,0.15652277911297752,0.15652277911297752,N
EBOLA,2015-09-15,H,H,4,-1.9164352374332116,-7.665740949732847,S
EBOLA,2015-09-16,L,H,2,-0.3773559748427635,-0.754711949685527,N
EBOLA,2015-09-17,H,H,4,1.2205361644645807,4.882144657858323,B
EBOLA,2015-09-18,H,L,3,1.5384598752598677,4.615379625779603,B
EBOLA,2015-09-21,H,L,3,-1.629809199505472,-4.889427598516416,S
EBOLA,2015-09-22,H,L,3,1.3903904638215892,4.1711713914647675,B
EBOLA,2015-09-23,L,L,1,-0.008213171359938709,-0.008213171359938709,N
EBOLA,2015-09-24,L,H,2,0.6816137147478196,1.3632274294956392,N
EBOLA,2015-09-25,H,L,3,-0.8645978933865872,-2.5937936801597616,B
EBOLA,2015-09-28,H,L,3,1.7113723736105646,5.134117120831694,B
EBOLA,2015-09-29,L,L,1,0.28312408308224235,0.28312408308224235,N
EBOLA,2015-09-30,L,L,1,-0.3468581080353417,-0.3468581080353417,N
EBOLA,2015-10-01,L,L,1,0.21855026535089195,0.21855026535089195,N
EBOLA,2015-10-02,L,H,2,0.6057669106819707,1.2115338213639415,N
EBOLA,2015-10-05,H,L,3,-1.356771858650796,-4.070315575952388,S
EBOLA,2015-10-06,L,H,2,0.43134938313627025,0.8626987662725405,N
EBOLA,2015-10-07,L,L,1,-0.3322560724107637,-0.3322560724107637,N
EBOLA,2015-10-08,H,H,4,-0.8374656612320619,-3.3498626449282476,B
EBOLA,2015-10-09,L,L,1,0.26238111071155146,0.26238111071155146,N
EBOLA,2015-10-12,H,H,4,0.7605495646103133,3.0421982584412532,B
EBOLA,2015-10-13,L,H,2,0.17043990074214754,0.3408798014842951,N
EBOLA,2015-10-14,H,H,4,0.8750624027720422,3.5002496110881687,B
EBOLA,2015-10-15,L,L,1,-0.48996064257027516,-0.48996064257027516,N
EBOLA,2015-10-16,L,L,1,0.0322875133770939,0.0322875133770939,N
EBOLA,2015-10-19,L,L,1,-0.274351650125082,-0.274351650125082,N
EBOLA,2015-10-20,L,L,1,-0.6149316486748546,-0.6149316486748546,N
EBOLA,2015-10-21,H,L,3,0.9932434911138266,2.97973047334148,B
EBOLA,2015-10-22,L,L,1,0.16928576777219817,0.16928576777219817,N
EBOLA,2015-10-23,H,L,3,-0.8530540664243746,-2.559162199273124,B
EBOLA,2015-10-26,L,L,1,0.6655844317918325,0.6655844317918325,N
EBOLA,2015-10-27,L,L,1,0.2499637215762851,0.2499637215762851,N
EBOLA,2015-10-28,L,L,1,-0.40215554729903236,-0.40215554729903236,N
EBOLA,2015-10-29,H,H,4,-1.5908915191651274,-6.3635660766605096,S
EBOLA,2015-10-30,H,L,3,0.7549630661828122,2.2648891985484365,B
EBOLA,2015-11-02,L,L,1,-0.6760074985828979,-0.6760074985828979,N
EBOLA,2015-11-03,H,L,3,-0.820008220254409,-2.460024660763227,B
EBOLA,2015-11-04,L,L,1,0.11574948612855795,0.11574948612855795,N
EBOLA,2015-11-05,L,L,1,-0.26426543114262957,-0.26426543114262957,N
EBOLA,2015-11-06,H,H,4,-1.465593312882174,-5.862373251528696,S
EBOLA,2015-11-09,L,L,1,-0.5630235294117547,-0.5630235294117547,N
EBOLA,2015-11-10,L,L,1,0.295781284614538,0.295781284614538,N
EBOLA,2015-11-11,L,H,2,-0.21065048870912984,-0.42130097741825967,N
EBOLA,2015-11-12,L,H,2,0.4812969686734725,0.962593937346945,N
EBOLA,2015-11-13,L,L,1,0.5714285714285783,0.5714285714285783,N
EBOLA,2015-11-16,L,L,1,-0.09191176470589868,-0.09191176470589868,N
EBOLA,2015-11-17,L,L,1,0.16726352764071528,0.16726352764071528,N
EBOLA,2015-11-18,L,L,1,0.20873341092260134,0.20873341092260134,N
EBOLA,2015-11-19,L,L,1,0.6665580903155499,0.6665580903155499,N
EBOLA,2015-11-20,L,L,1,-0.30624317166031423,-0.30624317166031423,N
EBOLA,2015-11-23,L,L,1,0.3071839013827349,0.3071839013827349,N
EBOLA,2015-11-24,L,H,2,-0.008278430723385188,-0.016556861446770377,N
EBOLA,2015-11-25,L,L,1,0.23176724164832851,0.23176724164832851,N
EBOLA,2015-11-27,L,L,1,-0.09909571720524424,-0.09909571720524424,N
EBOLA,2015-11-30,L,H,2,0.39678928331992047,0.7935785666398409,N
EBOLA,2015-12-01,H,H,4,1.1362742149759075,4.54509685990363,B
EBOLA,2015-12-02,L,H,2,0.032566147804824475,0.06513229560964895,N
EBOLA,2015-12-03,H,H,4,-2.718323364898101,-10.873293459592404,S
EBOLA,2015-12-04,H,L,3,0.8784430760348405,2.6353292281045215,B
EBOLA,2015-12-07,H,L,3,0.9703084927797478,2.9109254783392435,B
EBOLA,2015-12-08,L,L,1,0.04927967145789136,0.04927967145789136,N
EBOLA,2015-12-09,L,L,1,-0.10672194576342164,-0.10672194576342164,N
EBOLA,2015-12-10,L,H,2,0.13148915187375376,0.2629783037475075,N
EBOLA,2015-12-11,H,H,4,1.5758421397190414,6.303368558876166,B
EBOLA,2015-12-14,H,L,3,-1.29282318531313,-3.87846955593939,S
EBOLA,2015-12-15,L,L,1,-0.5893925805699807,-0.5893925805699807,N
EBOLA,2015-12-16,L,L,1,-0.21409914008400088,-0.21409914008400088,N
EBOLA,2015-12-17,H,L,3,1.1305520712988848,3.3916562138966544,B
EBOLA,2015-12-18,L,L,1,0.5548755474122702,0.5548755474122702,N
EBOLA,2015-12-21,L,L,1,-0.024349589604411026,-0.024349589604411026,N
EBOLA,2015-12-22,H,L,3,-0.7224018033052393,-2.167205409915718,B
EBOLA,2015-12-23,H,L,3,-0.7521862603578788,-2.2565587810736365,B
EBOLA,2015-12-24,L,H,2,0.3624705524546634,0.7249411049093268,N
EBOLA,2015-12-28,L,H,2,0.2954937159075133,0.5909874318150266,N
EBOLA,2015-12-29,H,L,3,-1.6613454184246645,-4.984036255273994,S
EBOLA,2015-12-30,L,L,1,-0.0998693375542814,-0.0998693375542814,N
EBOLA,2015-12-31,L,H,2,0.44985087929148015,0.8997017585829603,N
EBOLA,2016-01-04,H,L,3,0.7215085300794621,2.1645255902383864,N
EBOLA,2016-01-05,L,H,2,-0.40345657645426414,-0.8069131529085283,N
EBOLA,2016-01-06,H,H,4,1.3475504410346506,5.390201764138602,N
EBOLA,2016-01-07,L,L,1,0.17946162588993175,0.17946162588993175,N
EBOLA,2016-01-08,L,L,1,0.44784871668184234,0.44784871668184234,N
EBOLA,2016-01-11,H,L,3,-1.094357157146908,-3.283071471440724,N
EBOLA,2016-01-12,H,L,3,1.4425005910581046,4.327501773174314,N
EBOLA,2016-01-13,H,L,3,0.9857001127664189,2.9571003382992567,N
EBOLA,2016-01-14,H,L,3,-0.9360733008412447,-2.808219902523734,N
EBOLA,2016-01-15,H,L,3,1.5587142626393158,4.676142787917947,N
EBOLA,2016-01-19,L,H,2,-0.3101383697813098,-0.6202767395626196,N
EBOLA,2016-01-20,H,H,4,1.052966647631104,4.211866590524416,N
EBOLA,2016-01-21,L,H,2,-0.6788759077991924,-1.3577518155983848,N
EBOLA,2016-01-22,L,L,1,-0.38150055635033375,-0.38150055635033375,N
EBOLA,2016-01-25,L,H,2,0.5425251489556526,1.0850502979113053,N
EBOLA,2016-01-26,L,L,1,0.04761545899736319,0.04761545899736319,N
EBOLA,2016-01-27,L,H,2,-0.023793622719014973,-0.047587245438029946,N
EBOLA,2016-01-28,L,L,1,0.14280047260291084,0.14280047260291084,N
EBOLA,2016-01-29,H,L,3,0.8476590149490981,2.5429770448472944,N
EBOLA,2016-02-01,L,L,1,-0.4948978673629867,-0.4948978673629867,N
EBOLA,2016-02-02,H,L,3,1.855219102474459,5.565657307423377,N
EBOLA,2016-02-03,H,L,3,-0.8293341860383219,-2.4880025581149656,N
EBOLA,2016-02-04,L,L,1,0.4845721098375666,0.4845721098375666,N
EBOLA,2016-02-05,L,L,1,0.11666328990709296,0.11666328990709296,N
EBOLA,2016-02-08,H,H,4,2.151960828527333,8.607843314109331,N
EBOLA,2016-02-09,L,L,1,0.1064719710064832,0.1064719710064832,N
EBOLA,2016-02-10,H,L,3,0.8812489219307995,2.6437467657923985,N
EBOLA,2016-02-11,H,H,4,0.7003600037843283,2.801440015137313,N
EBOLA,2016-02-12,H,H,4,-1.6601861975756305,-6.640744790302522,N
EBOLA,2016-02-16,H,L,3,-1.05703346007604,-3.17110038022812,N
EBOLA,2016-02-17,L,L,1,-0.614866646569312,-0.614866646569312,N
EBOLA,2016-02-18,H,L,3,1.229600204618353,3.688800613855059,N
EBOLA,2016-02-19,L,L,1,0.08403438123916196,0.08403438123916196,N
EBOLA,2016-02-22,L,H,2,-0.05342569473421044,-0.10685138946842088,N
EBOLA,2016-02-23,L,H,2,0.40476477157835866,0.8095295431567173,N
EBOLA,2016-02-24,L,L,1,-0.1977591831006209,-0.1977591831006209,N
EBOLA,2016-02-25,L,L,1,0.3581937161240889,0.3581937161240889,N
EBOLA,2016-02-26,H,H,4,-0.9644509929461975,-3.85780397178479,N
EBOLA,2016-02-29,L,L,1,0.4370768978735562,0.4370768978735562,N
EBOLA,2016-03-01,H,H,4,-1.9468644662349877,-7.787457864939951,N
EBOLA,2016-03-02,L,H,2,0.41268708937796106,0.8253741787559221,N
EBOLA,2016-03-03,L,L,1,0.36444321843125405,0.36444321843125405,N
EBOLA,2016-03-04,L,H,2,-0.6412632657717854,-1.2825265315435708,N
EBOLA,2016-03-07,L,H,2,-0.031110418455193578,-0.062220836910387156,N
EBOLA,2016-03-08,H,L,3,1.1045410875006434,3.31362326250193,N
EBOLA,2016-03-09,L,L,1,-0.6077812158110873,-0.6077812158110873,N
EBOLA,2016-03-10,L,H,2,-0.41024691678538394,-0.8204938335707679,N
EBOLA,2016-03-11,H,L,3,-1.0104173477252676,-3.0312520431758028,N
EBOLA,2016-03-14,L,H,2,0.3140711344686631,0.6281422689373262,N
EBOLA,2016-03-15,L,L,1,0.09392219640071975,0.09392219640071975,N
EBOLA,2016-03-16,L,H,2,0.29715202448745703,0.5943040489749141,N
EBOLA,2016-03-17,L,L,1,0.4132215972719955,0.4132215972719955,N
EBOLA,2016-03-18,L,L,1,0.20964749955381112,0.20964749955381112,N
EBOLA,2016-03-21,H,L,3,-0.7670781150949657,-2.301234345284897,N
EBOLA,2016-03-22,L,L,1,-0.0234356198637653,-0.0234356198637653,N
EBOLA,2016-03-23,H,H,4,1.1324680406691545,4.529872162676618,N
EBOLA,2016-03-24,L,H,2,0.03860375169495445,0.0772075033899089,N
EBOLA,2016-03-28,L,L,1,0.13124441036524992,0.13124441036524992,N
EBOLA,2016-03-29,H,H,4,1.0484927350285167,4.193970940114067,N
H1N1,2009-04-16,H,L,3,-0.791123959650275,-2.373371878950825,N
H1N1,2009-04-17,H,H,4,-1.0989059399221013,-4.395623759688405,N
H1N1,2009-04-20,H,L,3,1.514258648404887,4.542775945214661,N
H1N1,2009-04-21,H,H,4,-0.9879862647808269,-3.9519450591233074,N
H1N1,2009-04-22,L,H,2,-0.6065378535850319,-1.2130757071700637,N
H1N1,2009-04-23,L,L,1,-0.009844488382770855,-0.009844488382770855,N
H1N1,2009-04-24,H,H,4,-1.0040319324355562,-4.016127729742225,N
H1N1,2009-04-27,L,L,1,0.4275628915183516,0.4275628915183516,N
H1N1,2009-04-28,H,L,3,-1.6336653465346518,-4.900996039603955,N
H1N1,2009-04-29,H,H,4,-0.8857544214545432,-3.543017685818173,N
H1N1,2009-04-30,L,L,1,-0.3960586940584987,-0.3960586940584987,N
H1N1,2009-05-01,H,L,3,-0.9889895801592719,-2.9669687404778156,N
H1N1,2009-05-04,L,L,1,0.32952218793613763,0.32952218793613763,N
H1N1,2009-05-05,L,H,2,-0.12316740223752287,-0.24633480447504574,N
H1N1,2009-05-06,L,H,2,-0.23635392531812238,-0.47270785063624476,N
H1N1,2009-05-07,H,H,4,-2.441288577641365,-9.76515431056546,N
H1N1,2009-05-08,L,H,2,0.24284975443829016,0.4856995088765803,N
H1N1,2009-05-11,H,L,3,1.4219496224573414,4.265848867372024,N
H1N1,2009-05-12,L,L,1,0.3634832239746366,0.3634832239746366,N
H1N1,2009-05-13,H,L,3,1.0865097380640565,3.2595292141921695,N
H1N1,2009-05-14,L,L,1,0.3889835113320972,0.3889835113320972,N
H1N1,2009-05-15,L,H,2,-0.030589374936262903,-0.061178749872525806,N
H1N1,2009-05-18,H,L,3,-1.550391661052719,-4.651174983158157,N
H1N1,2009-05-19,L,L,1,-0.5283827350305526,-0.5283827350305526,N
H1N1,2009-05-20,H,H,4,1.0519685230295117,4.207874092118047,N
H1N1,2009-05-21,H,H,4,-2.5149402962772682,-10.059761185109073,N
H1N1,2009-05-22,H,L,3,-1.1101744320115459,-3.3305232960346376,N
H1N1,2009-05-26,H,L,3,-1.5075334278577324,-4.5226002835731975,N
H1N1,2009-05-27,H,H,4,-1.7694365468051476,-7.0777461872205905,N
H1N1,2009-05-28,H,L,3,1.4476793335767457,4.343038000730237,N
H1N1,2009-05-29,H,H,4,2.581693815413044,10.326775261652177,N
H1N1,2009-06-01,H,H,4,-3.2706828771515872,-13.082731508606349,N
H1N1,2009-06-02,L,L,1,0.537936130768979,0.537936130768979,N
H1N1,2009-06-03,H,L,3,0.9390696453577263,2.817208936073179,N
H1N1,2009-06-04,H,L,3,-2.0662083066592785,-6.198624919977835,N
H1N1,2009-06-05,L,H,2,-0.7621816056796904,-1.5243632113593808,N
H1N1,2009-06-08,L,H,2,-0.25600513161198046,-0.5120102632239609,N
H1N1,2009-06-09,L,H,2,-0.011162816525356334,-0.022325633050712668,N
H1N1,2009-06-10,H,H,4,-1.573656285126246,-6.294625140504984,N
H1N1,2009-06-11,H,L,3,1.1112325408496826,3.333697622549048,N
H1N1,2009-06-12,H,H,4,0.8971661073716719,3.5886644294866876,N
H1N1,2009-06-15,H,L,3,0.9002978670634931,2.7008936011904794,N
H1N1,2009-06-16,H,L,3,1.7404736917875363,5.221421075362609,N
H1N1,2009-06-17,L,L,1,-0.563019699404288,-0.563019699404288,N
H1N1,2009-06-18,H,L,3,-1.5135007192291328,-4.540502157687398,N
H1N1,2009-06-19,H,L,3,1.3709287353542043,4.112786206062613,N
H1N1,2009-06-22,H,L,3,0.970661992133004,2.911985976399012,N
H1N1,2009-06-23,H,H,4,1.1773557749545027,4.709423099818011,N
H1N1,2009-06-24,H,L,3,-1.0035176898370302,-3.0105530695110905,N
H1N1,2009-06-25,H,L,3,1.833276118841498,5.499828356524494,N
H1N1,2009-06-26,L,H,2,0.16943344276183492,0.33886688552366984,N
H1N1,2009-06-29,L,L,1,0.14801459553925866,0.14801459553925866,N
H1N1,2009-06-30,L,L,1,-0.16890424884712374,-0.16890424884712374,N
H1N1,2009-07-01,L,L,1,-0.5181326001903241,-0.5181326001903241,N
H1N1,2009-07-02,L,L,1,0.2338445953689483,0.2338445953689483,N
H1N1,2009-07-06,L,L,1,-0.19088016359872784,-0.19088016359872784,N
H1N1,2009-07-07,L,H,2,0.6693550572878681,1.3387101145757363,N
H1N1,2009-07-08,H,H,4,1.846965699208436,7.387862796833744,N
H1N1,2009-07-09,H,L,3,-1.191711917098448,-3.575135751295344,N
H1N1,2009-07-10,H,L,3,0.9229208373974007,2.768762512192202,N
H1N1,2009-07-13,L,L,1,-0.5611565864754198,-0.5611565864754198,N
H1N1,2009-07-14,H,H,4,-1.6616197792534315,-6.646479117013726,N
H1N1,2009-07-15,H,L,3,-2.571730129048455,-7.715190387145365,N
H1N1,2009-07-16,H,L,3,1.0798407504362784,3.239522251308835,N
H1N1,2009-07-17,H,L,3,-1.5431099933767012,-4.6293299801301036,N
H1N1,2009-07-20,L,L,1,0.5260883499800029,0.5260883499800029,N
H1N1,2009-07-21,H,L,3,1.9952049498996427,5.985614849698928,N
H1N1,2009-07-22,H,H,4,-0.8979198001736077,-3.591679200694431,N
H1N1,2009-07-23,H,H,4,-1.8336716841081957,-7.334686736432783,N
H1N1,2009-07-24,L,H,2,0.4834578511491383,0.9669157022982766,N
H1N1,2009-07-27,H,H,4,-1.1481629682284167,-4.592651872913667,N
H1N1,2009-07-28,H,L,3,0.884950201660395,2.654850604981185,N
H1N1,2009-07-29,L,L,1,0.5482456320694773,0.5482456320694773,N
H1N1,2009-07-30,H,H,4,1.417669621079698,5.670678484318792,N
H1N1,2009-07-31,H,H,4,1.9462344086021321,7.784937634408529,N
H1N1,2009-08-03,H,L,3,-1.8457968958083937,-5.537390687425181,N
H1N1,2009-08-04,H,L,3,-0.7951837695074904,-2.385551308522471,N
H1N1,2009-08-05,H,L,3,-1.4947985268630726,-4.484395580589218,N
H1N1,2009-08-06,L,L,1,0.3408818926570856,0.3408818926570856,N
H1N1,2009-08-07,H,L,3,-0.8328789041095908,-2.4986367123287723,N
H1N1,2009-08-10,H,L,3,1.2487623217761534,3.7462869653284603,N
H1N1,2009-08-11,H,L,3,1.1569493181527335,3.4708479544582005,N
H1N1,2009-08-12,H,L,3,-1.0681894691411342,-3.2045684074234027,N
H1N1,2009-08-13,H,L,3,1.4178165248594832,4.2534495745784495,N
H1N1,2009-08-14,L,L,1,0.3871384103051545,0.3871384103051545,N
H1N1,2009-08-17,H,L,3,1.478312832957962,4.434938498873886,N
H1N1,2009-08-18,L,L,1,-0.5806006361046889,-0.5806006361046889,N
H1N1,2009-08-19,H,H,4,0.8282002548311684,3.3128010193246737,N
H1N1,2009-08-20,H,L,3,0.8213974391469758,2.4641923174409275,N
H1N1,2009-08-21,H,H,4,-2.0576572395583304,-8.230628958233321,N
H1N1,2009-08-24,H,L,3,1.812950895156784,5.438852685470352,N
H1N1,2009-08-25,L,L,1,0.5656237502291495,0.5656237502291495,N
H1N1,2009-08-26,L,L,1,0.4582803779131117,0.4582803779131117,N
H1N1,2009-08-27,L,L,1,-0.3939834233483763,-0.3939834233483763,N
H1N1,2009-08-28,L,L,1,0.45800145727075137,0.45800145727075137,N
H1N1,2009-08-31,L,H,2,0.09325043843642078,0.18650087687284156,N
H1N1,2009-09-01,L,L,1,-0.5590062227537551,-0.5590062227537551,N
H1N1,2009-09-02,H,L,3,1.4574235156657123,4.372270546997137,N
H1N1,2009-09-03,L,H,2,-0.6156351386787939,-1.2312702773575879,N
H1N1,2009-09-04,H,L,3,-1.7034916198276684,-5.110474859483006,N
H1N1,2009-09-08,L,L,1,-0.7037055005115533,-0.7037055005115533,N
H1N1,2009-09-09,L,L,1,-0.11635392303411818,-0.11635392303411818,N
H1N1,2009-09-10,H,H,4,1.8426326379328506,7.370530551731402,N
H1N1,2009-09-11,L,L,1,0.5511063855902387,0.5511063855902387,N
H1N1,2009-09-14,H,H,4,-0.9927601135292674,-3.9710404541170696,N
H1N1,2009-09-15,L,L,1,-0.5118007209484188,-0.5118007209484188,N
H1N1,2009-09-16,L,H,2,0.1784755905511748,0.3569511811023496,N
H1N1,2009-09-17,H,L,3,1.2576032541941728,3.7728097625825185,N
H1N1,2009-09-18,H,L,3,-0.8900858759029351,-2.6702576277088053,N
H1N1,2009-09-21,L,L,1,0.2297420586937715,0.2297420586937715,N
H1N1,2009-09-22,L,L,1,0.20837361299104185,0.20837361299104185,N
H1N1,2009-09-23,L,H,2,0.30151902682469256,0.6030380536493851,N
H1N1,2009-09-24,L,L,1,0.2902446326293662,0.2902446326293662,N
H1N1,2009-09-25,H,L,3,1.2713209302325446,3.8139627906976337,N
H1N1,2009-09-28,H,L,3,0.8777229778202944,2.633168933460883,N
H1N1,2009-09-29,L,L,1,-0.09105220926961533,-0.09105220926961533,N
H1N1,2009-09-30,L,L,1,-0.09113518987341473,-0.09113518987341473,N
H1N1,2009-10-01,H,H,4,1.0541181409236433,4.216472563694573,N
H1N1,2009-10-02,L,L,1,-0.69207123446553,-0.69207123446553,N
H1N1,2009-10-05,L,H,2,0.010094939701144057,0.020189879402288113,N
H1N1,2009-10-06,H,H,4,-0.9896950410935634,-3.9587801643742537,N
H1N1,2009-10-07,H,L,3,1.172991624102493,3.5189748723074787,N
H1N1,2009-10-08,H,H,4,-1.0484927704709657,-4.193971081883863,N
H1N1,2009-10-09,H,H,4,-2.2924095304654224,-9.16963812186169,N
H1N1,2009-10-12,L,H,2,0.15641396962640108,0.31282793925280217,N
H1N1,2009-10-13,L,H,2,0.5205621909246672,1.0411243818493343,N
H1N1,2009-10-14,H,H,4,-1.4810978307271627,-5.924391322908651,N
H1N1,2009-10-15,L,L,1,-0.46257673057473747,-0.46257673057473747,N
H1N1,2009-10-16,H,L,3,0.8132625686522843,2.439787705956853,N
H1N1,2009-10-19,L,L,1,0.7857517271582459,0.7857517271582459,N
H1N1,2009-10-20,L,L,1,0.5405447154015919,0.5405447154015919,N
H1N1,2009-10-21,L,L,1,-0.5996712096808077,-0.5996712096808077,N
H1N1,2009-10-22,L,L,1,-0.4888714425720031,-0.4888714425720031,N
H1N1,2009-10-23,L,L,1,-0.7525880788666894,-0.7525880788666894,N
H1N1,2009-10-26,H,H,4,-1.2954144695760283,-5.181657878304113,N
H1N1,2009-10-27,H,L,3,1.3657692982739222,4.097307894821767,N
H1N1,2009-10-28,L,L,1,0.47368105263156934,0.47368105263156934,N
H1N1,2009-10-29,H,L,3,-1.0895683946433143,-3.268705183929943,N
H1N1,2009-10-30,H,L,3,1.4511121088396584,4.353336326518975,N
H1N1,2009-11-02,L,L,1,-0.7621591225951074,-0.7621591225951074,N
H1N1,2009-11-03,H,L,3,-0.9994791899164968,-2.9984375697494903,N
H1N1,2009-11-04,H,L,3,-0.9139213796795165,-2.7417641390385494,N
H1N1,2009-11-05,L,H,2,0.0,0.0,N
H1N1,2009-11-06,L,L,1,0.09652938859994187,0.09652938859994187,N
H1N1,2009-11-09,L,H,2,0.11786134966544903,0.23572269933089807,N
H1N1,2009-11-10,L,H,2,-0.1819402786399804,-0.3638805572799608,N
H1N1,2009-11-11,L,L,1,0.41814839985467867,0.41814839985467867,N
H1N1,2009-11-12,L,H,2,-0.18151397900858512,-0.36302795801717025,N
H1N1,2009-11-13,L,H,2,0.45994224965113517,0.9198844993022703,N
H1N1,2009-11-16,H,H,4,1.1712085002386852,4.684834000954741,N
H1N1,2009-11-17,L,H,2,0.5367312314270123,1.0734624628540246,N
H1N1,2009-11-18,L,L,1,-0.5862011994787197,-0.5862011994787197,N
H1N1,2009-11-19,L,L,1,0.1790017881541317,0.1790017881541317,N
H1N1,2009-11-20,L,H,2,-0.021017448192328647,-0.042034896384657294,N
H1N1,2009-11-23,L,L,1,-0.1261595839100238,-0.1261595839100238,N
H1N1,2009-11-24,L,L,1,0.6315768421052637,0.6315768421052637,N
H1N1,2009-11-25,L,L,1,0.4602541937291704,0.4602541937291704,N
H1N1,2009-11-27,L,L,1,0.3748448524068637,0.3748448524068637,N
H1N1,2009-11-30,L,H,2,0.23858401994638623,0.47716803989277246,N
H1N1,2009-12-01,H,L,3,-1.4281248502988175,-4.284374550896453,N
H1N1,2009-12-02,L,H,2,0.08399160104988201,0.16798320209976403,N
H1N1,2009-12-03,H,H,4,-1.0385041217139679,-4.1540164868558715,N
H1N1,2009-12-04,H,H,4,-1.0599958049606006,-4.239983219842403,N
H1N1,2009-12-07,L,H,2,0.12856546511959,0.25713093023918,N
H1N1,2009-12-08,L,L,1,0.14979563609882618,0.14979563609882618,N
H1N1,2009-12-09,L,H,2,-0.4594017192179889,-0.9188034384359778,N
H1N1,2009-12-10,H,L,3,-1.1484383631735096,-3.4453150895205287,N
H1N1,2009-12-11,L,L,1,-0.010859935089246875,-0.010859935089246875,N
H1N1,2009-12-14,L,L,1,0.1194494568117932,0.1194494568117932,N
H1N1,2009-12-15,L,L,1,-0.4446811424516528,-0.4446811424516528,N
H1N1,2009-12-16,L,L,1,-0.11983985053012347,-0.11983985053012347,N
H1N1,2009-12-17,H,L,3,1.6470353403141402,4.941106020942421,N
H1N1,2009-12-18,L,L,1,-0.4292316680066244,-0.4292316680066244,N
H1N1,2009-12-21,H,L,3,-1.778210994954077,-5.334632984862231,N
H1N1,2009-12-22,L,L,1,-0.5595808707437033,-0.5595808707437033,N
H1N1,2009-12-23,L,L,1,0.022073265653976826,0.022073265653976826,N
H1N1,2009-12-24,H,L,3,-1.0369586092232042,-3.1108758276696125,N
H1N1,2009-12-28,L,H,2,-0.2786757360235814,-0.5573514720471628,N
H1N1,2009-12-29,L,L,1,0.30181533983697495,0.30181533983697495,N
H1N1,2009-12-30,L,L,1,0.657524774628615,0.657524774628615,N
H1N1,2009-12-31,L,H,2,-0.47608613817536893,-0.9521722763507379,N
H1N1,2010-01-04,L,L,1,-0.08899877727222005,-0.08899877727222005,N
H1N1,2010-01-05,L,L,1,0.6458089443449389,0.6458089443449389,N
H1N1,2010-01-06,H,H,4,-1.3386425637641586,-5.354570255056634,N
H1N1,2010-01-07,L,L,1,0.16820139044628757,0.16820139044628757,N
H1N1,2010-01-08,L,L,1,-0.04477890865826062,-0.04477890865826062,N
H1N1,2010-01-11,L,L,1,-0.5487714128259435,-0.5487714128259435,N
H1N1,2010-01-12,H,H,4,1.7117082755053303,6.846833102021321,N
H1N1,2010-01-13,H,L,3,-1.1625365367581852,-3.4876096102745557,N
H1N1,2010-01-14,H,L,3,1.4002464904306011,4.200739471291803,N
H1N1,2010-01-15,L,L,1,0.6186533567825947,0.6186533567825947,N
H1N1,2010-01-19,L,H,2,-0.285465518544914,-0.570931037089828,N
H1N1,2010-01-20,H,L,3,1.0129905307201037,3.038971592160311,N
H1N1,2010-01-21,L,H,2,0.45782211593246025,0.9156442318649205,N
H1N1,2010-01-22,L,L,1,-0.17361544385349204,-0.17361544385349204,N
H1N1,2010-01-25,L,L,1,-0.4565195652173837,-0.4565195652173837,N
H1N1,2010-01-26,L,L,1,0.03275715150126146,0.03275715150126146,N
H1N1,2010-01-27,L,L,1,-0.05458246856694382,-0.05458246856694382,N
H1N1,2010-01-28,L,L,1,-0.054604632035915035,-0.054604632035915035,N
H1N1,2010-01-29,H,H,4,0.8742170063552157,3.496868025420863,N
H1N1,2010-02-01,H,L,3,-1.2566309447867074,-3.7698928343601223,N
H1N1,2010-02-02,L,L,1,0.28524629105328714,0.28524629105328714,N
H1N1,2010-02-03,H,H,4,-1.1596170589818655,-4.638468235927462,N
H1N1,2010-02-04,H,L,3,1.5827349547921532,4.74820486437646,N
H1N1,2010-02-05,L,L,1,0.21791675983782177,0.21791675983782177,N
H1N1,2010-02-08,L,H,2,0.13045770394246592,0.26091540788493184,N
H1N1,2010-02-09,H,H,4,-0.998912073809155,-3.99564829523662,N
H1N1,2010-02-10,H,L,3,-0.9541588067558782,-2.8624764202676345,N
H1N1,2010-02-11,L,L,1,-0.542573370447863,-0.542573370447863,N
H1N1,2010-02-12,L,H,2,0.4119372077488359,0.8238744154976718,N
H1N1,2010-02-16,L,L,1,0.18848985057122736,0.18848985057122736,N
H1N1,2010-02-17,H,H,4,-1.1398837855258415,-4.559535142103366,N
H1N1,2010-02-18,L,L,1,-0.4030012223664947,-0.4030012223664947,N
H1N1,2010-02-19,L,L,1,0.5395031972630804,0.5395031972630804,N
H1N1,2010-02-22,L,L,1,-0.4136333285734928,-0.4136333285734928,N
H1N1,2010-02-23,H,H,4,1.5603939928065858,6.241575971226343,N
H1N1,2010-02-24,L,L,1,0.24317563564524303,0.24317563564524303,N
H1N1,2010-02-25,L,L,1,0.5623497505270691,0.5623497505270691,N
H1N1,2010-02-26,L,L,1,0.51535199063657,0.51535199063657,N
H1N1,2010-03-01,L,H,2,-0.3599890991597854,-0.7199781983195708,N
H1N1,2010-03-02,L,L,1,-0.13137180343208987,-0.13137180343208987,N
H1N1,2010-03-03,L,L,1,-0.25214097509163036,-0.25214097509163036,N
H1N1,2010-03-04,L,L,1,0.5275338065179325,0.5275338065179325,N
H1N1,2010-03-05,H,H,4,-1.311909901476871,-5.247639605907484,N
H1N1,2010-03-08,L,L,1,-0.5206536120744509,-0.5206536120744509,N
H1N1,2010-03-09,L,L,1,0.022268373420875065,0.022268373420875065,N
H1N1,2010-03-10,L,L,1,-0.25607214428856606,-0.25607214428856606,N
H1N1,2010-03-11,L,L,1,0.36834693016394304,0.36834693016394304,N
H1N1,2010-03-12,L,L,1,0.6227813750618649,0.6227813750618649,N
H1N1,2010-03-15,L,H,2,-0.13262820073072223,-0.26525640146144447,N
H1N1,2010-03-16,H,H,4,0.7968138468701591,3.1872553874806364,N
H1N1,2010-03-17,L,L,1,0.4281938860739132,0.4281938860739132,N
H1N1,2010-03-18,L,L,1,-0.3279796618784414,-0.3279796618784414,N
H1N1,2010-03-19,L,L,1,0.09872107269324193,0.09872107269324193,N
H1N1,2010-03-22,L,L,1,0.10957593448222003,0.10957593448222003,N
H1N1,2010-03-23,L,L,1,-0.470666588543478,-0.470666588543478,N
H1N1,2010-03-24,H,H,4,-1.8255834158143691,-7.3023336632574765,N
H1N1,2010-03-25,L,L,1,-0.6385123996363595,-0.6385123996363595,N
H1N1,2010-03-26,L,H,2,0.28184893850673465,0.5636978770134693,N
H1N1,2010-03-29,L,L,1,-0.3822327278999227,-0.3822327278999227,N
H1N1,2010-03-30,L,L,1,0.31598916244228725,0.31598916244228725,N
H1N1,2010-03-31,L,L,1,0.6862425546882989,0.6862425546882989,N
H1N1,2010-04-01,L,L,1,-0.6145284916201144,-0.6145284916201144,N
H1N1,2010-04-05,H,H,4,-1.6638516581400253,-6.655406632560101,N
H1N1,2010-04-06,L,H,2,0.1600548741276464,0.3201097482552928,N
H1N1,2010-04-07,H,H,4,1.278395145777944,5.113580583111776,N
H1N1,2010-04-08,L,H,2,0.045073817928309445,0.09014763585661889,N
H1N1,2010-04-09,L,H,2,0.23657317460537008,0.47314634921074017,N
H1N1,2010-04-12,L,L,1,0.5282018253022436,0.5282018253022436,N
H1N1,2010-04-13,L,L,1,0.32420459443951444,0.32420459443951444,N
H1N1,2010-04-14,L,L,1,-0.7020247537781299,-0.7020247537781299,N
H1N1,2010-04-15,L,L,1,0.11221860495771452,0.11221860495771452,N
H1N1,2010-04-16,L,H,2,0.7286201180206175,1.457240236041235,N
H1N1,2010-04-19,L,H,2,-0.24482750673461284,-0.4896550134692257,N
H1N1,2010-04-20,L,L,1,0.35698349349602143,0.35698349349602143,N
H1N1,2010-04-21,H,H,4,0.8225856027410661,3.2903424109642643,N
H1N1,2010-04-22,L,L,1,-0.2976813769905551,-0.2976813769905551,N
H1N1,2010-04-23,L,H,2,-0.35386376202588554,-0.7077275240517711,N
H1N1,2010-04-26,L,L,1,0.11097325367912525,0.11097325367912525,N
H1N1,2010-04-27,H,H,4,1.4078306330543189,5.6313225322172755,N
H1N1,2010-04-28,H,H,4,-0.852651917818581,-3.410607671274324,N
H1N1,2010-04-29,L,H,2,0.4189691428545528,0.8379382857091056,N
H1N1,2010-04-30,H,H,4,1.152827159577785,4.61130863831114,N
H1N1,2010-05-03,L,H,2,-0.47758060819214077,-0.9551612163842815,N
H1N1,2010-05-04,H,H,4,1.799535351738779,7.198141406955116,N
H1N1,2010-05-05,L,L,1,0.5892468647630933,0.5892468647630933,N
H1N1,2010-05-06,H,H,4,3.0887230065898663,12.354892026359465,N
H1N1,2010-05-07,H,L,3,-1.2501280994924202,-3.7503842984772606,N
H1N1,2010-05-10,H,H,4,-2.0715672301408916,-8.286268920563566,N
H1N1,2010-05-11,L,L,1,-0.2564070567608323,-0.2564070567608323,N
H1N1,2010-05-12,L,L,1,-0.760495921588511,-0.760495921588511,N
H1N1,2010-05-13,L,L,1,0.6583917828733465,0.6583917828733465,N
H1N1,2010-05-14,H,H,4,1.7370737349973409,6.948294939989363,N
H1N1,2010-05-17,L,H,2,-0.3688849189149912,-0.7377698378299824,N
H1N1,2010-05-18,H,H,4,1.5339088282440239,6.135635312976095,N
H1N1,2010-05-19,L,H,2,0.3334027818273855,0.666805563654771,N
H1N1,2010-05-20,H,L,3,2.1079947422223855,6.323984226667156,N
H1N1,2010-05-21,L,L,1,0.10169632662064831,0.10169632662064831,N
H1N1,2010-05-24,L,H,2,-0.34542720715229347,-0.6908544143045869,N
H1N1,2010-05-25,L,H,2,0.4893506163462291,0.9787012326924582,N
H1N1,2010-05-26,L,L,1,-0.28406107334887354,-0.28406107334887354,N
H1N1,2010-05-27,H,H,4,-2.2687994478706064,-9.075197791482426,N
H1N1,2010-05-28,L,L,1,0.45804914549343323,0.45804914549343323,N
H1N1,2010-06-01,L,L,1,0.3626922279792666,0.3626922279792666,N
H1N1,2010-06-02,H,L,3,-0.9499205152280865,-2.8497615456842595,N
H1N1,2010-06-03,L,H,2,-0.7296956113833075,-1.459391222766615,N
H1N1,2010-06-04,H,L,3,2.688226314557607,8.06467894367282,N
H1N1,2010-06-07,L,L,1,0.7669495780044056,0.7669495780044056,N
H1N1,2010-06-08,L,L,1,-0.4972579612618433,-0.4972579612618433,N
H1N1,2010-06-09,L,L,1,-0.11218867581268555,-0.11218867581268555,N
H1N1,2010-06-10,H,L,3,-1.786808213461133,-5.360424640383399,N
H1N1,2010-06-11,H,L,3,1.2683251633573978,3.8049754900721933,N
H1N1,2010-06-14,L,L,1,-0.5132943018871017,-0.5132943018871017,N
H1N1,2010-06-15,L,L,1,-0.4127561484777109,-0.4127561484777109,N
H1N1,2010-06-16,L,L,1,0.5698849742019396,0.5698849742019396,N
H1N1,2010-06-17,H,H,4,0.8139295448986061,3.2557181795944246,N
H1N1,2010-06-18,L,L,1,-0.16351150053165453,-0.16351150053165453,N
H1N1,2010-06-21,L,H,2,-0.2866188906414435,-0.573237781282887,N
H1N1,2010-06-22,H,L,3,1.1908386740236532,3.5725160220709595,N
H1N1,2010-06-23,L,H,2,0.6797179669270736,1.3594359338541473,N
H1N1,2010-06-24,L,L,1,-0.5945143207278125,-0.5945143207278125,N
H1N1,2010-06-25,L,L,1,0.40547490308211476,0.40547490308211476,N
H1N1,2010-06-28,H,L,3,0.9389197090685419,2.816759127205626,N
H1N1,2010-06-29,H,H,4,1.0902150102956032,4.360860041182413,N
H1N1,2010-06-30,L,L,1,0.6728010289898112,0.6728010289898112,N
H1N1,2010-07-01,L,H,2,-0.14742211302211095,-0.2948442260442219,N
H1N1,2010-07-02,H,H,4,-0.7972411574259985,-3.188964629703994,N
H1N1,2010-07-06,H,L,3,0.82349637043857,2.47048911131571,N
H1N1,2010-07-07,H,L,3,-1.1710322425398823,-3.5130967276196468,N
H1N1,2010-07-08,L,L,1,-0.6372587872149782,-0.6372587872149782,N
H1N1,2010-07-09,L,L,1,-0.5711995132658743,-0.5711995132658743,N
H1N1,2010-07-12,L,L,1,-0.04031546018629095,-0.04031546018629095,N
H1N1,2010-07-13,H,H,4,-0.8570256100020157,-3.428102440008063,N
H1N1,2010-07-14,H,L,3,1.0068117358524864,3.020435207557459,N
H1N1,2010-07-15,H,L,3,0.9967760773258227,2.990328231977468,N
H1N1,2010-07-16,L,L,1,0.48849068863505707,0.48849068863505707,N
H1N1,2010-07-19,L,H,2,-0.6150823229638114,-1.2301646459276228,N
H1N1,2010-07-20,L,L,1,0.14973248153324903,0.14973248153324903,N
H1N1,2010-07-21,H,H,4,1.6944054281988308,6.777621712795323,N
H1N1,2010-07-22,H,L,3,-1.1565235828337128,-3.4695707485011384,N
H1N1,2010-07-23,H,L,3,-1.0609806853937642,-3.1829420561812927,N
H1N1,2010-07-26,L,L,1,-0.17037282191194603,-0.17037282191194603,N
H1N1,2010-07-27,H,L,3,-0.9637576451786201,-2.89127293553586,N
H1N1,2010-07-28,L,L,1,0.32437809783318894,0.32437809783318894,N
H1N1,2010-07-29,L,L,1,-0.030311205109501138,-0.030311205109501138,N
H1N1,2010-07-30,H,L,3,1.5564998674651331,4.669499602395399,N
H1N1,2010-08-02,H,L,3,-1.72173860305318,-5.16521580915954,N
H1N1,2010-08-03,L,L,1,0.5772151898734146,0.5772151898734146,N
H1N1,2010-08-04,L,L,1,-0.7652053966975436,-0.7652053966975436,N
H1N1,2010-08-05,L,L,1,0.46671977408117016,0.46671977408117016,N
H1N1,2010-08-06,H,H,4,1.090689792689048,4.362759170756192,N
H1N1,2010-08-09,L,H,2,-0.36962538201049666,-0.7392507640209933,N
H1N1,2010-08-10,L,H,2,0.2105675260031914,0.4211350520063828,N
H1N1,2010-08-11,H,H,4,1.340801454056395,5.36320581622558,N
SARS,2003-03-13,H,H,4,-1.8421053237534513,-7.368421295013805,N
SARS,2003-03-14,L,L,1,0.4915125276422794,0.4915125276422794,N
SARS,2003-03-17,H,L,3,-1.2005358070312888,-3.6016074210938664,N
SARS,2003-03-18,H,L,3,-0.9450900409008756,-2.8352701227026267,N
SARS,2003-03-19,H,L,3,-0.7383030356848841,-2.2149091070546523,N
SARS,2003-03-20,L,L,1,-0.16020025357822432,-0.16020025357822432,N
SARS,2003-03-21,H,H,4,-1.3753547277936873,-5.501418911174749,N
SARS,2003-03-24,H,L,3,1.5804775741844024,4.741432722553207,N
SARS,2003-03-25,L,L,1,-0.11441024530786104,-0.11441024530786104,N
SARS,2003-03-26,L,L,1,0.20616195638900603,0.20616195638900603,N
SARS,2003-03-27,L,L,1,0.06858498270854163,0.06858498270854163,N
SARS,2003-03-28,L,L,1,0.2284374564784475,0.2284374564784475,N
SARS,2003-03-31,H,H,4,1.3105435897435846,5.242174358974339,N
SARS,2003-04-01,H,L,3,-0.7086670256767791,-2.1260010770303372,N
SARS,2003-04-02,H,L,3,-1.042255614894838,-3.1267668446845143,N
SARS,2003-04-03,L,L,1,-0.057235261756960476,-0.057235261756960476,N
SARS,2003-04-04,L,L,1,-0.2863688332290226,-0.2863688332290226,N
SARS,2003-04-07,L,H,2,-0.22975875141555413,-0.45951750283110826,N
SARS,2003-04-08,H,L,3,0.8059931100977247,2.417979330293174,N
SARS,2003-04-09,L,L,1,0.2969674369970976,0.2969674369970976,N
SARS,2003-04-10,L,L,1,-0.46691266295211253,-0.46691266295211253,N
SARS,2003-04-11,L,H,2,-0.16018306269603988,-0.32036612539207976,N
SARS,2003-04-14,L,L,1,-0.2750458337142825,-0.2750458337142825,N
SARS,2003-04-15,L,L,1,0.5401068906035533,0.5401068906035533,N
SARS,2003-04-16,L,L,1,0.41147560661733973,0.41147560661733973,N
SARS,2003-04-17,L,L,1,0.15936255342885453,0.15936255342885453,N
SARS,2003-04-21,L,L,1,-0.21592795126554876,-0.21592795126554876,N
SARS,2003-04-22,L,H,2,-0.056951023111018184,-0.11390204622203637,N
SARS,2003-04-23,L,H,2,0.20512820512821328,0.41025641025642656,N
SARS,2003-04-24,H,H,4,0.8984430797224885,3.593772318889954,N
SARS,2003-04-25,L,H,2,0.2254249298306421,0.4508498596612842,N
SARS,2003-04-28,L,H,2,-0.15744377322184366,-0.3148875464436873,N
SARS,2003-04-29,L,H,2,-0.16895922695381316,-0.3379184539076263,N
SARS,2003-04-30,H,L,3,0.9251946606745332,2.7755839820235995,N
SARS,2003-05-01,L,L,1,-0.4807154996327112,-0.4807154996327112,N
SARS,2003-05-02,H,L,3,-0.7863368047518748,-2.3590104142556245,N
SARS,2003-05-05,L,L,1,0.532156929347849,0.532156929347849,N
SARS,2003-05-06,L,H,2,0.4955535477468853,0.9911070954937706,N
SARS,2003-05-07,H,L,3,1.1655205256465129,3.4965615769395386,N
SARS,2003-05-08,L,L,1,0.24371442041810631,0.24371442041810631,N
SARS,2003-05-09,L,L,1,0.09946292627833753,0.09946292627833753,N
SARS,2003-05-12,L,H,2,0.6292779724160313,1.2585559448320627,N
SARS,2003-05-13,L,L,1,0.21941414768154033,0.21941414768154033,N
SARS,2003-05-14,H,H,4,1.5325692727437223,6.130277090974889,N
SARS,2003-05-15,L,L,1,0.312669541778976,0.312669541778976,N
SARS,2003-05-16,H,L,3,0.7308684358247053,2.192605307474116,N
SARS,2003-05-19,L,L,1,-0.3414415243124025,-0.3414415243124025,N
SARS,2003-05-20,H,L,3,1.4775128163273532,4.43253844898206,N
SARS,2003-05-21,L,H,2,-0.010552859364343359,-0.021105718728686718,N
SARS,2003-05-22,H,L,3,0.8863606907152155,2.6590820721456465,N
SARS,2003-05-23,L,L,1,0.2510166274342085,0.2510166274342085,N
SARS,2003-05-27,H,L,3,-1.8048983162211485,-5.4146949486634455,N
SARS,2003-05-28,L,L,1,-0.16999999458138237,-0.16999999458138237,N
SARS,2003-05-29,H,L,3,0.8727118015401603,2.6181354046204808,N
SARS,2003-05-30,L,L,1,-0.18991454093600924,-0.18991454093600924,N
SARS,2003-06-02,H,L,3,-1.1522156691800345,-3.4566470075401035,N
SARS,2003-06-03,H,L,3,0.8020532391818325,2.4061597175454974,N
SARS,2003-06-04,L,L,1,0.29704964360175445,0.29704964360175445,N
SARS,2003-06-05,H,H,4,-0.7827353418369487,-3.130941367347795,N
SARS,2003-06-06,L,L,1,0.36246907156283203,0.36246907156283203,N
SARS,2003-06-09,H,L,3,0.6692139437987521,2.0076418313962563,N
SARS,2003-06-10,H,H,4,1.1923657652959552,4.769463061183821,N
SARS,2003-06-11,L,L,1,-0.12513346975737694,-0.12513346975737694,N
SARS,2003-06-12,H,L,3,0.783044485101736,2.349133455305208,N
SARS,2003-06-13,H,L,3,0.673366835940814,2.020100507822442,N
SARS,2003-06-16,H,L,3,-0.9466947931673242,-2.8400843795019726,N
SARS,2003-06-17,H,L,3,-0.7895304219918908,-2.3685912659756725,N
SARS,2003-06-18,H,L,3,-1.2774879581151755,-3.8324638743455264,N
SARS,2003-06-19,L,L,1,-0.19092172455369427,-0.19092172455369427,N
SARS,2003-06-20,L,L,1,-0.37194262214542695,-0.37194262214542695,N
SARS,2003-06-23,L,L,1,0.5973311999999842,0.5973311999999842,N
SARS,2003-06-24,H,L,3,0.9224918019826722,2.7674754059480167,N
SARS,2003-06-25,H,H,4,-1.5969699516705238,-6.387879806682095,N
SARS,2003-06-26,H,L,3,-1.3452935577495828,-4.035880673248748,N
SARS,2003-06-27,L,L,1,-0.35714501391461706,-0.35714501391461706,N
SARS,2003-06-30,L,L,1,0.4670359509069355,0.4670359509069355,N
SARS,2003-07-01,H,L,3,-0.8756735135135085,-2.6270205405405256,N
SARS,2003-07-02,L,L,1,0.25084087139619626,0.25084087139619626,N
SARS,2003-07-03,H,L,3,-1.4360313628379195,-4.308094088513759,N
ZIKA,2015-05-08,L,L,1,0.27009494188900973,0.27009494188900973,N
ZIKA,2015-05-11,H,L,3,-2.4324569025800824,-7.297370707740248,N
ZIKA,2015-05-12,L,L,1,0.25934660971593804,0.25934660971593804,N
ZIKA,2015-05-13,H,L,3,-0.8010672830796817,-2.403201849239045,N
ZIKA,2015-05-14,L,H,2,0.26917901083054474,0.5383580216610895,N
ZIKA,2015-05-15,H,H,4,2.005032768583037,8.020131074332149,N
ZIKA,2015-05-18,H,L,3,-1.6777638515589666,-5.0332915546769,N
ZIKA,2015-05-19,H,L,3,-0.88666246206619,-2.65998738619857,N
ZIKA,2015-05-20,L,L,1,0.1687939939031935,0.1687939939031935,N
ZIKA,2015-05-21,H,H,4,1.3985980049102897,5.594392019641159,N
ZIKA,2015-05-22,L,H,2,0.04154881664393262,0.08309763328786524,N
ZIKA,2015-05-26,H,H,4,1.7109609350338673,6.843843740135469,N
ZIKA,2015-05-27,L,H,2,0.228645273792627,0.457290547585254,N
ZIKA,2015-05-28,L,L,1,-0.24441584234016211,-0.24441584234016211,N
ZIKA,2015-05-29,L,L,1,0.22051371740421377,0.22051371740421377,N
ZIKA,2015-06-01,H,H,4,-1.2875902639360226,-5.15036105574409,N
ZIKA,2015-06-02,H,L,3,-1.395191151536146,-4.185573454608438,N
ZIKA,2015-06-03,H,H,4,-1.60750583376581,-6.43002333506324,N
ZIKA,2015-06-04,H,L,3,1.3019111972918163,3.9057335918754488,N
ZIKA,2015-06-05,H,L,3,-1.217979809710723,-3.653939429132169,N
ZIKA,2015-06-08,L,H,2,-0.1105416685466265,-0.221083337093253,N
ZIKA,2015-06-09,H,H,4,-0.791691488961499,-3.166765955845996,N
ZIKA,2015-06-10,H,L,3,-0.8752393952699555,-2.6257181858098666,N
ZIKA,2015-06-11,H,L,3,2.1035319105834116,6.310595731750235,N
ZIKA,2015-06-12,L,H,2,0.0,0.0,N
ZIKA,2015-06-15,L,L,1,0.16108690532650183,0.16108690532650183,N
ZIKA,2015-06-16,H,L,3,0.787202478307103,2.361607434921309,N
ZIKA,2015-06-17,H,H,4,-0.772653061224482,-3.090612244897928,N
ZIKA,2015-06-18,L,L,1,-0.49090308098345137,-0.49090308098345137,N
ZIKA,2015-06-19,H,L,3,1.2843429446287358,3.8530288338862073,N
ZIKA,2015-06-22,H,L,3,-2.04064491030157,-6.1219347309047105,N
ZIKA,2015-06-23,L,L,1,-0.6000900025702527,-0.6000900025702527,N
ZIKA,2015-06-24,H,L,3,0.8624407295154901,2.5873221885464703,N
ZIKA,2015-06-25,L,L,1,-0.3505737584584945,-0.3505737584584945,N
ZIKA,2015-06-26,H,H,4,-1.1240758441387055,-4.496303376554822,N
ZIKA,2015-06-29,H,H,4,2.646876612508642,10.587506450034567,N
ZIKA,2015-06-30,H,L,3,-0.6932702121514311,-2.0798106364542934,N
ZIKA,2015-07-01,H,L,3,-1.5664873281669323,-4.699461984500797,N
ZIKA,2015-07-02,L,H,2,0.3286602578621345,0.657320515724269,N
ZIKA,2015-07-06,H,H,4,1.8534499999999898,7.413799999999959,N
ZIKA,2015-07-07,H,H,4,0.9394836912486992,3.757934764994797,N
ZIKA,2015-07-08,H,H,4,0.8636583789425112,3.4546335157700447,N
ZIKA,2015-07-09,H,L,3,-1.9702410676677995,-5.910723203003398,N
ZIKA,2015-07-10,H,L,3,-1.585816682256036,-4.757450046768108,N
ZIKA,2015-07-13,L,H,2,-0.31021196957659036,-0.6204239391531807,N
ZIKA,2015-07-14,L,H,2,0.3284622641807733,0.6569245283615466,N
ZIKA,2015-07-15,H,H,4,1.0597079348668936,4.2388317394675745,N
ZIKA,2015-07-16,H,L,3,0.6905353617083776,2.071606085125133,N
ZIKA,2015-07-17,L,L,1,0.5164676952293057,0.5164676952293057,N
ZIKA,2015-07-20,L,L,1,-0.42115902610210254,-0.42115902610210254,N
ZIKA,2015-07-21,L,L,1,0.5413635548861206,0.5413635548861206,N
ZIKA,2015-07-22,L,L,1,0.6225786587365167,0.6225786587365167,N
ZIKA,2015-07-23,H,H,4,1.2458177465855869,4.983270986342347,N
ZIKA,2015-07-24,L,L,1,0.24775209340992532,0.24775209340992532,N
ZIKA,2015-07-27,L,L,1,0.5354658582705785,0.5354658582705785,N
ZIKA,2015-07-28,H,L,3,-0.7292682667218275,-2.1878048001654826,N
ZIKA,2015-07-29,L,L,1,-0.3714444841693032,-0.3714444841693032,N
ZIKA,2015-07-30,H,L,3,0.7705054044036208,2.3115162132108624,N
ZIKA,2015-07-31,H,H,4,0.7399506883158047,2.9598027532632187,N
ZIKA,2015-08-03,H,L,3,0.8324524674157452,2.4973574022472356,N
ZIKA,2015-08-04,H,H,4,-0.7932035420509131,-3.1728141682036526,N
ZIKA,2015-08-05,H,L,3,-0.7505898670147615,-2.2517696010442845,N
ZIKA,2015-08-06,H,L,3,0.8877936557699417,2.663380967309825,N
ZIKA,2015-08-07,H,H,4,1.3118169645934152,5.247267858373661,N
ZIKA,2015-08-10,H,L,3,-1.2385338986177885,-3.7156016958533655,N
ZIKA,2015-08-11,H,H,4,1.587945400945956,6.351781603783824,N
ZIKA,2015-08-12,L,L,1,-0.54509018036073,-0.54509018036073,N
ZIKA,2015-08-13,L,L,1,-0.32240025791892,-0.32240025791892,N
ZIKA,2015-08-14,L,H,2,0.23449583948405017,0.46899167896810035,N
ZIKA,2015-08-17,L,H,2,0.4517570220374134,0.9035140440748268,N
ZIKA,2015-08-18,H,H,4,-0.787018971739939,-3.148075886959756,N
ZIKA,2015-08-19,H,H,4,0.9875352032739482,3.9501408130957927,N
ZIKA,2015-08-20,H,L,3,1.0099350591546097,3.029805177463829,N
ZIKA,2015-08-21,L,L,1,0.3015434129870709,0.3015434129870709,N
ZIKA,2015-08-24,L,H,2,-0.03164636025876355,-0.0632927205175271,N
ZIKA,2015-08-25,H,L,3,-1.6065202468619755,-4.819560740585926,N
ZIKA,2015-08-26,H,L,3,-1.930348235657553,-5.791044706972659,N
ZIKA,2015-08-27,L,H,2,0.0574099893381419,0.1148199786762838,N
ZIKA,2015-08-28,L,L,1,0.2950827868852368,0.2950827868852368,N
ZIKA,2015-08-31,H,L,3,-0.768227355604556,-2.304682066813668,N
ZIKA,2015-09-01,L,H,2,0.5023892357501225,1.004778471500245,N
ZIKA,2015-09-02,H,H,4,-0.8604408822456944,-3.4417635289827775,N
ZIKA,2015-09-03,L,L,1,0.48768142285464666,0.48768142285464666,N
ZIKA,2015-09-04,H,L,3,0.9130542074525128,2.7391626223575383,N
ZIKA,2015-09-08,H,L,3,-1.4753806651450985,-4.426141995435295,N
ZIKA,2015-09-09,L,L,1,0.47984941309218154,0.47984941309218154,N
ZIKA,2015-09-10,H,L,3,-0.6751749858009415,-2.0255249574028245,N
ZIKA,2015-09-11,H,L,3,0.6300273720474259,1.8900821161422776,N
ZIKA,2015-09-14,L,L,1,0.15652277911297752,0.15652277911297752,N
ZIKA,2015-09-15,H,H,4,-1.9164352374332116,-7.665740949732847,N
ZIKA,2015-09-16,L,H,2,-0.3773559748427635,-0.754711949685527,N
ZIKA,2015-09-17,H,H,4,1.2205361644645807,4.882144657858323,N
ZIKA,2015-09-18,H,L,3,1.5384598752598677,4.615379625779603,N
ZIKA,2015-09-21,H,L,3,-1.629809199505472,-4.889427598516416,N
ZIKA,2015-09-22,H,L,3,1.3903904638215892,4.1711713914647675,N
ZIKA,2015-09-23,L,L,1,-0.008213171359938709,-0.008213171359938709,N
ZIKA,2015-09-24,H,H,4,0.6816137147478196,2.7264548589912785,N
ZIKA,2015-09-25,H,L,3,-0.8645978933865872,-2.5937936801597616,N
ZIKA,2015-09-28,H,L,3,1.7113723736105646,5.134117120831694,N
ZIKA,2015-09-29,L,L,1,0.28312408308224235,0.28312408308224235,N
ZIKA,2015-09-30,L,L,1,-0.3468581080353417,-0.3468581080353417,N
ZIKA,2015-10-01,L,L,1,0.21855026535089195,0.21855026535089195,N
ZIKA,2015-10-02,L,H,2,0.6057669106819707,1.2115338213639415,N
ZIKA,2015-10-05,H,L,3,-1.356771858650796,-4.070315575952388,N
ZIKA,2015-10-06,L,H,2,0.43134938313627025,0.8626987662725405,N
ZIKA,2015-10-07,L,L,1,-0.3322560724107637,-0.3322560724107637,N
ZIKA,2015-10-08,H,H,4,-0.8374656612320619,-3.3498626449282476,N
ZIKA,2015-10-09,L,L,1,0.26238111071155146,0.26238111071155146,N
ZIKA,2015-10-12,H,H,4,0.7605495646103133,3.0421982584412532,N
ZIKA,2015-10-13,L,H,2,0.17043990074214754,0.3408798014842951,N
ZIKA,2015-10-14,H,H,4,0.8750624027720422,3.5002496110881687,N
ZIKA,2015-10-15,L,L,1,-0.48996064257027516,-0.48996064257027516,N
ZIKA,2015-10-16,L,L,1,0.0322875133770939,0.0322875133770939,N
ZIKA,2015-10-19,L,L,1,-0.274351650125082,-0.274351650125082,N
ZIKA,2015-10-20,L,L,1,-0.6149316486748546,-0.6149316486748546,N
ZIKA,2015-10-21,H,L,3,0.9932434911138266,2.97973047334148,N
ZIKA,2015-10-22,L,L,1,0.16928576777219817,0.16928576777219817,N
ZIKA,2015-10-23,H,L,3,-0.8530540664243746,-2.559162199273124,N
ZIKA,2015-10-26,H,L,3,0.6655844317918325,1.9967532953754974,N
ZIKA,2015-10-27,L,L,1,0.2499637215762851,0.2499637215762851,N
ZIKA,2015-10-28,L,L,1,-0.40215554729903236,-0.40215554729903236,N
ZIKA,2015-10-29,H,H,4,-1.5908915191651274,-6.3635660766605096,N
ZIKA,2015-10-30,H,L,3,0.7549630661828122,2.2648891985484365,N
ZIKA,2015-11-02,H,L,3,-0.6760074985828979,-2.0280224957486936,N
ZIKA,2015-11-03,H,L,3,-0.820008220254409,-2.460024660763227,N
ZIKA,2015-11-04,L,L,1,0.11574948612855795,0.11574948612855795,N
ZIKA,2015-11-05,L,L,1,-0.26426543114262957,-0.26426543114262957,N
ZIKA,2015-11-06,H,H,4,-1.465593312882174,-5.862373251528696,N
ZIKA,2015-11-09,L,L,1,-0.5630235294117547,-0.5630235294117547,N
ZIKA,2015-11-10,L,L,1,0.295781284614538,0.295781284614538,N
ZIKA,2015-11-11,L,H,2,-0.21065048870912984,-0.42130097741825967,N
ZIKA,2015-11-12,L,H,2,0.4812969686734725,0.962593937346945,N
ZIKA,2015-11-13,L,L,1,0.5714285714285783,0.5714285714285783,N
ZIKA,2015-11-16,L,L,1,-0.09191176470589868,-0.09191176470589868,N
ZIKA,2015-11-17,L,L,1,0.16726352764071528,0.16726352764071528,N
ZIKA,2015-11-18,L,L,1,0.20873341092260134,0.20873341092260134,N
ZIKA,2015-11-19,H,L,3,0.6665580903155499,1.9996742709466497,N
ZIKA,2015-11-20,L,L,1,-0.30624317166031423,-0.30624317166031423,N
ZIKA,2015-11-23,L,L,1,0.3071839013827349,0.3071839013827349,N
ZIKA,2015-11-24,L,H,2,-0.008278430723385188,-0.016556861446770377,N
ZIKA,2015-11-25,L,L,1,0.23176724164832851,0.23176724164832851,N
ZIKA,2015-11-27,L,L,1,-0.09909571720524424,-0.09909571720524424,N
ZIKA,2015-11-30,L,H,2,0.39678928331992047,0.7935785666398409,N
ZIKA,2015-12-01,H,H,4,1.1362742149759075,4.54509685990363,N
ZIKA,2015-12-02,L,H,2,0.032566147804824475,0.06513229560964895,N
ZIKA,2015-12-03,H,H,4,-2.718323364898101,-10.873293459592404,N
ZIKA,2015-12-04,H,L,3,0.8784430760348405,2.6353292281045215,N
ZIKA,2015-12-07,H,L,3,0.9703084927797478,2.9109254783392435,N
ZIKA,2015-12-08,L,L,1,0.04927967145789136,0.04927967145789136,N
ZIKA,2015-12-09,L,L,1,-0.10672194576342164,-0.10672194576342164,N
ZIKA,2015-12-10,L,H,2,0.13148915187375376,0.2629783037475075,N
ZIKA,2015-12-11,H,H,4,1.5758421397190414,6.303368558876166,N
ZIKA,2015-12-14,H,L,3,-1.29282318531313,-3.87846955593939,N
ZIKA,2015-12-15,L,L,1,-0.5893925805699807,-0.5893925805699807,N
ZIKA,2015-12-16,L,L,1,-0.21409914008400088,-0.21409914008400088,N
ZIKA,2015-12-17,H,L,3,1.1305520712988848,3.3916562138966544,N
ZIKA,2015-12-18,L,L,1,0.5548755474122702,0.5548755474122702,N
ZIKA,2015-12-21,L,L,1,-0.024349589604411026,-0.024349589604411026,N
ZIKA,2015-12-22,H,L,3,-0.7224018033052393,-2.167205409915718,N
ZIKA,2015-12-23,H,H,4,-0.7521862603578788,-3.0087450414315153,N
ZIKA,2015-12-24,L,H,2,0.3624705524546634,0.7249411049093268,N
ZIKA,2015-12-28,L,H,2,0.2954937159075133,0.5909874318150266,N
ZIKA,2015-12-29,H,L,3,-1.6613454184246645,-4.984036255273994,N
ZIKA,2015-12-30,L,L,1,-0.0998693375542814,-0.0998693375542814,N
ZIKA,2015-12-31,L,H,2,0.44985087929148015,0.8997017585829603,N
ZIKA,2016-01-04,H,H,4,0.7215085300794621,2.8860341203178486,N
ZIKA,2016-01-05,L,H,2,-0.40345657645426414,-0.8069131529085283,N
ZIKA,2016-01-06,H,H,4,1.3475504410346506,5.390201764138602,N
ZIKA,2016-01-07,L,L,1,0.17946162588993175,0.17946162588993175,N
ZIKA,2016-01-08,L,L,1,0.44784871668184234,0.44784871668184234,N
ZIKA,2016-01-11,H,L,3,-1.094357157146908,-3.283071471440724,N
ZIKA,2016-01-12,H,L,3,1.4425005910581046,4.327501773174314,N
ZIKA,2016-01-13,H,L,3,0.9857001127664189,2.9571003382992567,N
ZIKA,2016-01-14,H,L,3,-0.9360733008412447,-2.808219902523734,N
ZIKA,2016-01-15,H,L,3,1.5587142626393158,4.676142787917947,N
ZIKA,2016-01-19,L,H,2,-0.3101383697813098,-0.6202767395626196,N
ZIKA,2016-01-20,H,H,4,1.052966647631104,4.211866590524416,N
ZIKA,2016-01-21,H,H,4,-0.6788759077991924,-2.7155036311967695,N
ZIKA,2016-01-22,L,L,1,-0.38150055635033375,-0.38150055635033375,N
ZIKA,2016-01-25,L,H,2,0.5425251489556526,1.0850502979113053,N
ZIKA,2016-01-26,L,L,1,0.04761545899736319,0.04761545899736319,N
ZIKA,2016-01-27,L,H,2,-0.023793622719014973,-0.047587245438029946,N
ZIKA,2016-01-28,L,L,1,0.14280047260291084,0.14280047260291084,N
ZIKA,2016-01-29,H,L,3,0.8476590149490981,2.5429770448472944,N
ZIKA,2016-02-01,L,L,1,-0.4948978673629867,-0.4948978673629867,N
ZIKA,2016-02-02,H,L,3,1.855219102474459,5.565657307423377,N
ZIKA,2016-02-03,H,L,3,-0.8293341860383219,-2.4880025581149656,N
ZIKA,2016-02-04,L,L,1,0.4845721098375666,0.4845721098375666,N
ZIKA,2016-02-05,L,L,1,0.11666328990709296,0.11666328990709296,N
ZIKA,2016-02-08,H,H,4,2.151960828527333,8.607843314109331,N
ZIKA,2016-02-09,L,L,1,0.1064719710064832,0.1064719710064832,N
ZIKA,2016-02-10,H,L,3,0.8812489219307995,2.6437467657923985,N
ZIKA,2016-02-11,H,H,4,0.7003600037843283,2.801440015137313,N
ZIKA,2016-02-12,H,H,4,-1.6601861975756305,-6.640744790302522,N
ZIKA,2016-02-16,H,L,3,-1.05703346007604,-3.17110038022812,N
ZIKA,2016-02-17,L,L,1,-0.614866646569312,-0.614866646569312,N
ZIKA,2016-02-18,H,L,3,1.229600204618353,3.688800613855059,N
ZIKA,2016-02-19,L,L,1,0.08403438123916196,0.08403438123916196,N
ZIKA,2016-02-22,L,H,2,-0.05342569473421044,-0.10685138946842088,N
ZIKA,2016-02-23,L,H,2,0.40476477157835866,0.8095295431567173,N
ZIKA,2016-02-24,L,L,1,-0.1977591831006209,-0.1977591831006209,N
ZIKA,2016-02-25,L,L,1,0.3581937161240889,0.3581937161240889,N
ZIKA,2016-02-26,H,H,4,-0.9644509929461975,-3.85780397178479,N
ZIKA,2016-02-29,L,L,1,0.4370768978735562,0.4370768978735562,N
ZIKA,2016-03-01,H,H,4,-1.9468644662349877,-7.787457864939951,N
ZIKA,2016-03-02,L,H,2,0.41268708937796106,0.8253741787559221,N
ZIKA,2016-03-03,L,L,1,0.36444321843125405,0.36444321843125405,N
ZIKA,2016-03-04,H,H,4,-0.6412632657717854,-2.5650530630871415,N
ZIKA,2016-03-07,L,H,2,-0.031110418455193578,-0.062220836910387156,N
ZIKA,2016-03-08,H,L,3,1.1045410875006434,3.31362326250193,N
ZIKA,2016-03-09,L,L,1,-0.6077812158110873,-0.6077812158110873,N
ZIKA,2016-03-10,L,H,2,-0.41024691678538394,-0.8204938335707679,N
ZIKA,2016-03-11,H,L,3,-1.0104173477252676,-3.0312520431758028,N
ZIKA,2016-03-14,L,H,2,0.3140711344686631,0.6281422689373262,N
ZIKA,2016-03-15,L,L,1,0.09392219640071975,0.09392219640071975,N
ZIKA,2016-03-16,L,H,2,0.29715202448745703,0.5943040489749141,N
ZIKA,2016-03-17,L,L,1,0.4132215972719955,0.4132215972719955,N
ZIKA,2016-03-18,L,L,1,0.20964749955381112,0.20964749955381112,N
ZIKA,2016-03-21,H,L,3,-0.7670781150949657,-2.301234345284897,N
ZIKA,2016-03-22,L,L,1,-0.0234356198637653,-0.0234356198637653,N
ZIKA,2016-03-23,H,H,4,1.1324680406691545,4.529872162676618,N
ZIKA,2016-03-24,L,H,2,0.03860375169495445,0.0772075033899089,N
ZIKA,2016-03-28,L,L,1,0.13124441036524992,0.13124441036524992,N
ZIKA,2016-03-29,H,H,4,1.0484927350285167,4.193970940114067,N
ZIKA,2016-03-30,H,L,3,-1.0528762693970184,-3.158628808191055,N
ZIKA,2016-03-31,H,L,3,0.7093831334816558,2.1281494004449675,N
ZIKA,2016-04-01,L,L,1,0.05358854564283533,0.05358854564283533,N
ZIKA,2016-04-04,L,H,2,0.06121977677180368,0.12243955354360736,N
ZIKA,2016-04-05,H,L,3,1.0936120026618257,3.280836007985477,N
ZIKA,2016-04-06,H,L,3,-0.7262319278881546,-2.178695783664464,N
ZIKA,2016-04-07,H,L,3,1.2344814824196249,3.7034444472588746,N
ZIKA,2016-04-08,H,L,3,-0.6323003101708635,-1.8969009305125906,N
ZIKA,2016-04-11,L,L,1,-0.12877737022868319,-0.12877737022868319,N
ZIKA,2016-04-12,H,L,3,-0.6902328789512358,-2.0706986368537073,N
ZIKA,2016-04-13,L,L,1,0.35133737462278436,0.35133737462278436,N
ZIKA,2016-04-14,L,H,2,-0.4794915935724897,-0.9589831871449794,N
ZIKA,2016-04-15,H,L,3,0.8565387296015192,2.5696161888045577,N
ZIKA,2016-04-18,L,L,1,-0.4322163924698086,-0.4322163924698086,N
ZIKA,2016-04-19,L,L,1,-0.3122412658935647,-0.3122412658935647,N
ZIKA,2016-04-20,H,H,4,-1.1000665133720111,-4.4002660534880444,N
ZIKA,2016-04-21,L,L,1,-0.5947821399391873,-0.5947821399391873,N
ZIKA,2016-04-22,L,H,2,-0.25643095413113715,-0.5128619082622743,N
ZIKA,2016-04-25,L,L,1,-0.41290043305625135,-0.41290043305625135,N
ZIKA,2016-04-26,L,H,2,-0.4537291644570285,-0.907458328914057,N
ZIKA,2016-04-27,H,L,3,0.998038506876231,2.994115520628693,N
ZIKA,2016-04-28,L,L,1,0.4123863861691168,0.4123863861691168,N
ZIKA,2016-04-29,L,L,1,0.25571638305192934,0.25571638305192934,N
ZIKA,2016-05-02,H,H,4,-1.2057543203836008,-4.823017281534403,N
ZIKA,2016-05-03,H,L,3,1.259578313253007,3.778734939759021,N
ZIKA,2016-05-04,L,L,1,0.5485637320555181,0.5485637320555181,N
ZIKA,2016-05-05,H,L,3,0.6685077660097516,2.0055232980292548,N
ZIKA,2016-05-06,L,L,1,-0.42744677610284665,-0.42744677610284665,N
ZIKA,2016-05-09,L,L,1,0.31429973892602714,0.31429973892602714,N
ZIKA,2016-05-10,L,L,1,0.0076371694357479925,0.0076371694357479925,N
ZIKA,2016-05-11,L,H,2,0.5654512327291084,1.1309024654582167,N
ZIKA,2016-05-12,L,H,2,-0.4558969648514877,-0.9117939297029753,N
ZIKA,2016-05-13,H,H,4,0.9693947396914204,3.8775789587656817,N
ZIKA,2016-05-16,H,H,4,-0.8618082919701342,-3.447233167880537,N
ZIKA,2016-05-17,L,L,1,0.16776117254662104,0.16776117254662104,N
ZIKA,2016-05-18,H,H,4,-1.4235657626098908,-5.694263050439563,N
ZIKA,2016-05-19,L,H,2,0.4324642662574707,0.8649285325149414,N
ZIKA,2016-05-20,L,L,1,0.07688658031017592,0.07688658031017592,N
ZIKA,2016-05-23,L,L,1,0.2228259803070065,0.2228259803070065,N
ZIKA,2016-05-24,L,L,1,-0.4446496405297373,-0.4446496405297373,N
ZIKA,2016-05-25,L,L,1,-0.3773340491503796,-0.3773340491503796,N
ZIKA,2016-05-26,L,L,1,0.5178928854407072,0.5178928854407072,N
ZIKA,2016-05-27,L,L,1,-0.14609890051283658,-0.14609890051283658,N
ZIKA,2016-05-31,L,H,2,0.2387354529656438,0.4774709059312876,N
ZIKA,2016-06-01,L,L,1,0.19974953289028097,0.19974953289028097,N
ZIKA,2016-06-02,H,H,4,0.7207506627933125,2.88300265117325,N
ZIKA,2016-06-03,H,H,4,1.42356500134313,5.69426000537252,N
ZIKA,2016-06-06,H,L,3,-0.7430691508840126,-2.229207452652038,N
ZIKA,2016-06-07,L,H,2,0.24197896846722688,0.48395793693445377,N
ZIKA,2016-06-08,L,L,1,0.5356110521365531,0.5356110521365531,N
ZIKA,2016-06-09,H,L,3,0.645307251585292,1.935921754755876,N
ZIKA,2016-06-10,L,L,1,0.4845999968463355,0.4845999968463355,N
ZIKA,2016-06-13,L,L,1,0.445174361516365,0.445174361516365,N
ZIKA,2016-06-14,L,L,1,-0.07387058376900901,-0.07387058376900901,N
ZIKA,2016-06-15,L,L,1,0.3843908958041986,0.3843908958041986,N
ZIKA,2016-06-16,L,L,1,0.486011771295769,0.486011771295769,N
ZIKA,2016-06-17,L,L,1,-0.6228975204434883,-0.6228975204434883,N
ZIKA,2016-06-20,H,L,3,-1.0692404611072903,-3.207721383321871,N
ZIKA,2016-06-21,L,L,1,-0.4621429498466889,-0.4621429498466889,N
ZIKA,2016-06-22,L,L,1,0.16474615211341526,0.16474615211341526,N
ZIKA,2016-06-23,H,H,4,-1.1438390080681482,-4.575356032272593,N
ZIKA,2016-06-24,H,H,4,2.684718375095474,10.738873500381896,N
ZIKA,2016-06-27,H,L,3,2.496685097191653,7.49005529157496,N
ZIKA,2016-06-28,L,L,1,0.2083847123429683,0.2083847123429683,N
ZIKA,2016-06-29,H,L,3,-0.7672507860981503,-2.301752358294451,N
ZIKA,2016-06-30,L,L,1,0.36852012694934544,0.36852012694934544,N
ZIKA,2016-07-01,H,L,3,1.2023132268817793,3.606939680645338,N
ZIKA,2016-07-05,H,H,4,1.2520416250672906,5.008166500269162,N
ZIKA,2016-07-06,L,H,2,0.16159347767028542,0.32318695534057085,N
ZIKA,2016-07-07,L,L,1,-0.007011083151109432,-0.007011083151109432,N
ZIKA,2016-07-08,H,L,3,0.7365857438810464,2.209757231643139,N
ZIKA,2016-07-11,H,L,3,-0.8774442530315896,-2.6323327590947687,N
ZIKA,2016-07-12,H,H,4,-1.6439483390177867,-6.575793356071147,N
ZIKA,2016-07-13,H,H,4,1.1785671428571343,4.714268571428537,N
ZIKA,2016-07-14,H,L,3,-1.4542873895215358,-4.362862168564607,N
ZIKA,2016-07-15,H,L,3,-0.8596583096112442,-2.5789749288337327,N
ZIKA,2016-07-18,L,H,2,-0.09394031428526795,-0.1878806285705359,N
ZIKA,2016-07-19,L,H,2,0.5641530653895721,1.1283061307791442,N
ZIKA,2016-07-20,L,L,1,-0.5466010056545234,-0.5466010056545234,N
ZIKA,2016-07-21,L,H,2,0.20248698439750967,0.40497396879501935,N
ZIKA,2016-07-22,L,H,2,0.1732137727080474,0.3464275454160948,N
ZIKA,2016-07-25,L,L,1,-0.07205043071937256,-0.07205043071937256,N
ZIKA,2016-07-26,L,L,1,0.15861644178694068,0.15861644178694068,N
ZIKA,2016-07-27,H,H,4,1.2453181866587615,4.981272746635046,N
ZIKA,2016-07-28,L,L,1,-0.18485247855751785,-0.18485247855751785,N
ZIKA,2016-07-29,H,L,3,0.8333919854220051,2.5001759562660153,N
ZIKA,2016-08-01,H,L,3,-1.2644772713263253,-3.7934318139789758,N
ZIKA,2016-08-02,H,L,3,-1.0302654065889483,-3.090796219766845,N
ZIKA,2016-08-03,L,H,2,0.057834163842485076,0.11566832768497015,N
ZIKA,2016-08-04,H,L,3,0.7513857163099047,2.254157148929714,N
ZIKA,2016-08-05,H,H,4,-1.0397970822473401,-4.1591883289893605,N
ZIKA,2016-08-08,L,L,1,0.18840217391304925,0.18840217391304925,N
ZIKA,2016-08-09,H,L,3,0.9836540208177924,2.950962062453377,N
ZIKA,2016-08-10,L,L,1,0.3867705338336469,0.3867705338336469,N
ZIKA,2016-08-11,H,L,3,-0.8918378740913835,-2.6755136222741505,N
ZIKA,2016-08-12,H,L,3,0.8422705106249984,2.526811531874995,N
ZIKA,2016-08-15,H,H,4,-0.9423236587332462,-3.7692946349329848,N
ZIKA,2016-08-16,L,L,1,-0.2666445757655289,-0.2666445757655289,N
ZIKA,2016-08-17,L,L,1,0.5997557670334386,0.5997557670334386,N
ZIKA,2016-08-18,L,L,1,0.1580239896708413,0.1580239896708413,N
ZIKA,2016-08-19,L,H,2,-0.5235190687963187,-1.0470381375926374,N
ZIKA,2016-08-22,H,L,3,0.8434849260731347,2.5304547782194042,N
ZIKA,2016-08-23,L,L,1,0.1072304794384138,0.1072304794384138,N
ZIKA,2016-08-24,L,L,1,-0.2356652162798345,-0.2356652162798345,N
ZIKA,2016-08-25,L,L,1,-0.3793836874599221,-0.3793836874599221,N
ZIKA,2016-08-26,L,H,2,-0.582019840224457,-1.164039680448914,N
ZIKA,2016-08-29,H,H,4,1.3370959718336461,5.348383887334585,N
ZIKA,2016-08-30,L,L,1,-0.3851429805577511,-0.3851429805577511,N
ZIKA,2016-08-31,L,H,2,0.14319252728849374,0.2863850545769875,N
ZIKA,2016-09-01,L,L,1,-0.07148852761450497,-0.07148852761450497,N
ZIKA,2016-09-02,H,L,3,-0.8156249319417608,-2.4468747958252823,N
ZIKA,2016-09-06,H,L,3,0.7285536778275148,2.1856610334825444,N
ZIKA,2016-09-07,L,H,2,-0.0716170156947693,-0.1432340313895386,N
ZIKA,2016-09-08,H,H,4,-1.2541207451543968,-5.016482980617587,N
ZIKA,2016-09-09,H,L,3,-1.6474266023077444,-4.942279806923233,N
ZIKA,2016-09-12,L,L,1,0.051646987849851556,0.051646987849851556,N
ZIKA,2016-09-13,H,H,4,-1.1357718455865862,-4.543087382346345,N
ZIKA,2016-09-14,L,H,2,0.14919581911534419,0.29839163823068837,N
ZIKA,2016-09-15,L,H,2,-0.43203128491620113,-0.8640625698324023,N
ZIKA,2016-09-16,H,L,3,0.8079614095602761,2.423884228680828,N
ZIKA,2016-09-19,L,L,1,-0.32653209647495185,-0.32653209647495185,N
ZIKA,2016-09-20,L,L,1,0.3499374633301633,0.3499374633301633,N
ZIKA,2016-09-21,H,H,4,0.8087223683685973,3.2348894734743894,N
ZIKA,2016-09-22,H,L,3,0.7948789576388782,2.3846368729166345,N
ZIKA,2016-09-23,L,H,2,-0.09491785531035024,-0.18983571062070048,N
ZIKA,2016-09-26,H,H,4,0.6358682615766886,2.5434730463067545,N
ZIKA,2016-09-27,H,L,3,0.7335282049019121,2.200584614705736,N
ZIKA,2016-09-28,L,L,1,-0.21629632767764528,-0.21629632767764528,N
ZIKA,2016-09-29,L,L,1,0.2528945196341503,0.2528945196341503,N
ZIKA,2016-09-30,H,H,4,-0.8936972972972912,-3.5747891891891648,N
ZIKA,2016-10-03,L,H,2,-0.5090517238401482,-1.0181034476802964,N
ZIKA,2016-10-04,H,H,4,-1.1694985917622636,-4.677994367049054,N
ZIKA,2016-10-05,L,L,1,-0.46594554203374106,-0.46594554203374106,N
ZIKA,2016-10-06,L,L,1,-0.5572893363458231,-0.5572893363458231,N
ZIKA,2016-10-07,L,L,1,0.0672465057573346,0.0672465057573346,N
ZIKA,2016-10-10,L,H,2,-0.5898992023581018,-1.1797984047162036,N
ZIKA,2016-10-11,L,H,2,-0.2253458940379427,-0.4506917880758854,N
ZIKA,2016-10-12,L,L,1,0.09787321993717235,0.09787321993717235,N
ZIKA,2016-10-13,L,L,1,0.37605292845690474,0.37605292845690474,N
ZIKA,2016-10-14,H,H,4,-1.4011770582329053,-5.604708232931621,N
ZIKA,2016-10-17,H,L,3,0.638344118499723,1.9150323554991688,N
ZIKA,2016-10-18,L,L,1,0.3247058995162977,0.3247058995162977,N
ZIKA,2016-10-19,L,L,1,0.08279391778718281,0.08279391778718281,N
ZIKA,2016-10-20,L,L,1,0.10528690602928936,0.10528690602928936,N
ZIKA,2016-10-21,L,H,2,0.15024941664600888,0.30049883329201776,N
ZIKA,2016-10-24,L,L,1,-0.4350776451140681,-0.4350776451140681,N
ZIKA,2016-10-25,L,L,1,0.2636977401852869,0.2636977401852869,N
ZIKA,2016-10-26,H,L,3,-0.6762916940743713,-2.028875082223114,N
ZIKA,2016-10-27,H,H,4,-1.0894144925548632,-4.357657970219453,N
ZIKA,2016-10-28,L,L,1,-0.22182039843122725,-0.22182039843122725,N
ZIKA,2016-10-31,L,L,1,0.6132640999600758,0.6132640999600758,N
ZIKA,2016-11-01,L,H,2,-0.18286095238094768,-0.36572190476189537,N
ZIKA,2016-11-02,L,L,1,0.4350866512131457,0.4350866512131457,N
ZIKA,2016-11-03,H,L,3,-0.7675900476122544,-2.302770142836763,N
ZIKA,2016-11-04,H,L,3,0.8960694932029778,2.6882084796089334,N
ZIKA,2016-11-07,H,L,3,-0.8501669633305453,-2.550500889991636,N
ZIKA,2016-11-08,L,H,2,-0.40575640812113845,-0.8115128162422769,N
ZIKA,2016-11-09,H,H,4,-4.243213290589997,-16.97285316235999,N
ZIKA,2016-11-10,H,L,3,-1.4770787509031047,-4.431236252709314,N
ZIKA,2016-11-11,L,H,2,-0.5622113445234667,-1.1244226890469333,N
ZIKA,2016-11-14,L,H,2,-0.5981669895266606,-1.1963339790533212,N
ZIKA,2016-11-15,L,H,2,0.4946055641679381,0.9892111283358762,N
ZIKA,2016-11-16,H,L,3,0.9023033089228694,2.706909926768608,N
ZIKA,2016-11-17,H,L,3,-1.4714291281777259,-4.414287384533178,N
ZIKA,2016-11-18,L,L,1,-0.2887780599532541,-0.2887780599532541,N
ZIKA,2016-11-21,L,H,2,0.24824493584187923,0.49648987168375847,N
ZIKA,2016-11-22,L,H,2,-0.03301774605005692,-0.06603549210011384,N
ZIKA,2016-11-23,L,H,2,-0.3880786030213912,-0.7761572060427824,N
ZIKA,2016-11-25,L,H,2,0.149205074181058,0.298410148362116,N
ZIKA,2016-11-28,H,H,4,0.7366321801026254,2.9465287204105017,N
ZIKA,2016-11-29,L,L,1,0.41903048573683765,0.41903048573683765,N
ZIKA,2016-11-30,H,H,4,-1.6200318964160298,-6.480127585664119,N
ZIKA,2016-12-01,H,L,3,-1.255817552491978,-3.7674526574759337,N
ZIKA,2016-12-02,H,H,4,0.7327507605638717,2.9310030422554867,N
ZIKA,2016-12-05,L,L,1,-0.10869314563032306,-0.10869314563032306,N
ZIKA,2016-12-06,L,L,1,-0.07533606700145246,-0.07533606700145246,N
ZIKA,2016-12-07,H,L,3,0.85441868456404,2.56325605369212,N
ZIKA,2016-12-08,H,L,3,-1.1794011431993212,-3.5382034295979636,N
ZIKA,2016-12-09,H,L,3,-1.2439090289819488,-3.7317270869458463,N
ZIKA,2016-12-12,L,H,2,0.1872348936170276,0.3744697872340552,N
ZIKA,2016-12-13,L,L,1,0.3567770951683924,0.3567770951683924,N
ZIKA,2016-12-14,H,H,4,-1.117317598758405,-4.46927039503362,N
ZIKA,2016-12-15,L,L,1,0.5050539291217238,0.5050539291217238,N
ZIKA,2016-12-16,L,L,1,-0.2299676269494011,-0.2299676269494011,N
ZIKA,2016-12-19,H,L,3,1.075638561342318,3.226915684026954,N
ZIKA,2016-12-20,L,H,2,-0.4983141807717306,-0.9966283615434612,N
ZIKA,2016-12-21,L,H,2,0.4413920794736015,0.882784158947203,N
ZIKA,2016-12-22,L,L,1,-0.4394523715126941,-0.4394523715126941,N
ZIKA,2016-12-23,L,L,1,0.203722098357062,0.203722098357062,N
ZIKA,2016-12-27,L,L,1,-0.32190172837184283,-0.32190172837184283,N
ZIKA,2016-12-28,H,H,4,0.7308583450473138,2.9234333801892554,N
ZIKA,2016-12-29,L,L,1,0.35433898890018245,0.35433898890018245,N
ZIKA,2016-12-30,L,L,1,0.15132408956681775,0.15132408956681775,N
ZIKA,2017-01-03,L,L,1,0.42810544182252386,0.42810544182252386,N
ZIKA,2017-01-04,L,H,2,0.3844859610873108,0.7689719221746216,N
ZIKA,2017-01-05,H,H,4,1.5653663874332535,6.261465549733014,N
ZIKA,2017-01-06,H,H,4,-0.9181849257701713,-3.672739703080685,N
ZIKA,2017-01-09,H,L,3,0.8025823200183524,2.407746960055057,N
ZIKA,2017-01-10,L,L,1,-0.06566691183342854,-0.06566691183342854,N
ZIKA,2017-01-11,L,L,1,0.3367589322381903,0.3367589322381903,N
ZIKA,2017-01-12,L,L,1,-0.22102569675750416,-0.22102569675750416,N
ZIKA,2017-01-13,L,L,1,-0.4758396954290034,-0.4758396954290034,N
ZIKA,2017-01-17,H,L,3,1.0469079391131508,3.1407238173394525,N
ZIKA,2017-01-18,H,L,3,-1.280796193819611,-3.842388581458833,N
ZIKA,2017-01-19,H,L,3,-0.685895369210876,-2.057686107632628,N
ZIKA,2017-01-20,L,H,2,-0.1996987851555998,-0.3993975703111996,N
ZIKA,2017-01-23,H,L,3,1.0004977321911301,3.0014931965733904,N
ZIKA,2017-01-24,H,H,4,-0.6851584999600369,-2.7406339998401474,N
ZIKA,2017-01-25,H,L,3,-1.2550868798119286,-3.7652606394357857,N
ZIKA,2017-01-26,L,L,1,0.33669527769286667,0.33669527769286667,N
ZIKA,2017-01-27,L,L,1,0.36073826411253673,0.36073826411253673,N
ZIKA,2017-01-30,L,L,1,-0.30092786845091757,-0.30092786845091757,N
ZIKA,2017-01-31,H,H,4,0.6959009146281669,2.7836036585126678,N
ZIKA,2017-02-01,H,L,3,-0.8326394809765159,-2.4979184429295476,N
ZIKA,2017-02-02,L,H,2,-0.04197733067972109,-0.08395466135944218,N
ZIKA,2017-02-03,L,H,2,-0.042001678907988005,-0.08400335781597601,N
ZIKA,2017-02-06,L,L,1,0.6050428571428457,0.6050428571428457,N
ZIKA,2017-02-07,H,L,3,0.735045934388201,2.205137803164603,N
ZIKA,2017-02-08,H,H,4,1.359867352568278,5.439469410273112,N
ZIKA,2017-02-09,H,L,3,-1.1534653330082634,-3.46039599902479,N
ZIKA,2017-02-10,L,H,2,-0.057932631665447154,-0.11586526333089431,N
ZIKA,2017-02-13,L,H,2,-0.31467786825640776,-0.6293557365128155,N
ZIKA,2017-02-14,H,L,3,-0.7227072783528965,-2.1681218350586895,N
ZIKA,2017-02-15,L,H,2,-0.46021503706443756,-0.9204300741288751,N
ZIKA,2017-02-16,L,L,1,0.5464038378144132,0.5464038378144132,N
ZIKA,2017-02-17,L,L,1,0.5935950121762845,0.5935950121762845,N
ZIKA,2017-02-21,L,L,1,-0.17453374335105742,-0.17453374335105742,N
ZIKA,2017-02-22,L,L,1,0.16651152971016714,0.16651152971016714,N
ZIKA,2017-02-23,L,H,2,0.29922700189888296,0.5984540037977659,N
ZIKA,2017-02-24,H,H,4,1.1104698949278236,4.441879579711294,N
ZIKA,2017-02-27,L,L,1,-0.59011637422971,-0.59011637422971,N
ZIKA,2017-02-28,L,L,1,0.3710091485612299,0.3710091485612299,N
ZIKA,2017-03-01,H,L,3,-1.8646271047252694,-5.593881314175809,N
ZIKA,2017-03-02,L,L,1,-0.35992299020738416,-0.35992299020738416,N
ZIKA,2017-03-03,L,L,1,0.26041414431774434,0.26041414431774434,N
ZIKA,2017-03-06,L,H,2,-0.4775860993311398,-0.9551721986622796,N
ZIKA,2017-03-07,L,H,2,-0.3030821712669107,-0.6061643425338215,N
ZIKA,2017-03-08,L,H,2,-0.540448413113459,-1.080896826226918,N
ZIKA,2017-03-09,H,L,3,-0.7981007029894793,-2.394302108968438,N
ZIKA,2017-03-10,L,L,1,0.35091065905206165,0.35091065905206165,N
ZIKA,2017-03-13,H,L,3,-0.6311283582089544,-1.8933850746268632,N
ZIKA,2017-03-14,L,H,2,0.48064371331826283,0.9612874266365257,N
ZIKA,2017-03-15,H,H,4,1.2214914153925172,4.885965661570069,N
ZIKA,2017-03-16,L,H,2,-0.5063274261603357,-1.0126548523206713,N
ZIKA,2017-03-17,H,L,3,0.6276479961382808,1.8829439884148425,N
ZIKA,2017-03-20,L,L,1,0.4298744136031152,0.4298744136031152,N
ZIKA,2017-03-21,H,H,4,0.8308829067413814,3.3235316269655257,N
ZIKA,2017-03-22,L,L,1,0.39953720991789954,0.39953720991789954,N
ZIKA,2017-03-23,L,H,2,-0.14094345529074293,-0.28188691058148585,N
ZIKA,2017-03-24,L,L,1,0.3569946124614809,0.3569946124614809,N
ZIKA,2017-03-27,L,L,1,0.454999184025473,0.454999184025473,N
ZIKA,2017-03-28,H,L,3,-0.667048505311707,-2.001145515935121,N
ZIKA,2017-03-29,L,L,1,0.596910116143845,0.596910116143845,N
ZIKA,2017-03-30,H,L,3,-0.8076438374037931,-2.4229315122113793,N
ZIKA,2017-03-31,L,L,1,0.29079261971758363,0.29079261971758363,N
ZIKA,2017-04-03,H,H,4,0.7952936856539861,3.1811747426159442,N
ZIKA,2017-04-04,L,H,2,-0.5424476130919231,-1.0848952261838463,N
ZIKA,2017-04-05,L,L,1,0.30575571761415343,0.30575571761415343,N
ZIKA,2017-04-06,L,L,1,-0.14829461562765323,-0.14829461562765323,N
ZIKA,2017-04-07,L,H,2,-0.40428878888503217,-0.8085775777700643,N
ZIKA,2017-04-10,L,H,2,0.46392014301981366,0.9278402860396273,N
ZIKA,2017-04-11,H,H,4,0.9482980361581017,3.793192144632407,N
ZIKA,2017-04-12,L,L,1,0.5472945686537223,0.5472945686537223,N
ZIKA,2017-04-13,L,L,1,0.3087212708984044,0.3087212708984044,N
ZIKA,2017-04-17,L,L,1,-0.30777111599763485,-0.30777111599763485,N
ZIKA,2017-04-18,H,H,4,1.3079868814034112,5.231947525613645,N
ZIKA,2017-04-19,L,H,2,-0.5453087540972401,-1.0906175081944802,N
ZIKA,2017-04-20,L,L,1,-0.38703113337440476,-0.38703113337440476,N
ZIKA,2017-04-21,L,L,1,0.0,0.0,N
ZIKA,2017-04-24,L,L,1,-0.4937680063641925,-0.4937680063641925,N
ZIKA,2017-04-25,H,L,3,-1.2039396404457947,-3.611818921337384,N
ZIKA,2017-04-26,L,L,1,0.5516723067518825,0.5516723067518825,N
ZIKA,2017-04-27,L,L,1,-0.032755485602131706,-0.032755485602131706,N
ZIKA,2017-04-28,L,H,2,0.22116316806743974,0.4423263361348795,N
ZIKA,2017-05-01,H,L,3,-1.0380024689497724,-3.1140074068493173,N
ZIKA,2017-05-02,L,L,1,0.5120540054170064,0.5120540054170064,N
ZIKA,2017-05-03,L,L,1,0.0657370599606466,0.0657370599606466,N
ZIKA,2017-05-04,L,L,1,-0.4926909220946851,-0.4926909220946851,N
ZIKA,2017-05-05,L,H,2,0.09077488034328063,0.18154976068656126,N
ZIKA,2017-05-08,L,H,2,-0.5441536767734068,-1.0883073535468135,N
ZIKA,2017-05-09,L,L,1,-0.008284838140226736,-0.008284838140226736,N
ZIKA,2017-05-10,L,L,1,-0.11606698434587503,-0.11606698434587503,N
ZIKA,2017-05-11,L,L,1,0.0,0.0,N
ZIKA,2017-05-12,H,L,3,0.7553087461327657,2.265926238398297,N
ZIKA,2017-05-15,L,L,1,-0.2718518846021367,-0.2718518846021367,N
ZIKA,2017-05-16,L,L,1,0.3717198145005707,0.3717198145005707,N
ZIKA,2017-05-17,H,H,4,1.4566677399939554,5.8266709599758215,N
ZIKA,2017-05-18,L,L,1,0.1135618114338044,0.1135618114338044,N
ZIKA,2017-05-19,L,H,2,0.23497083511538897,0.46994167023077793,N
ZIKA,2017-05-22,L,H,2,-0.2748330795799281,-0.5496661591598562,N
ZIKA,2017-05-23,H,H,4,-0.6727745641701866,-2.691098256680746,N
ZIKA,2017-05-24,L,L,1,0.5630830703192036,0.5630830703192036,N
ZIKA,2017-05-25,L,L,1,0.0324547586029178,0.0324547586029178,N
ZIKA,2017-05-26,L,H,2,0.17036262278808945,0.3407252455761789,N
ZIKA,2017-05-30,L,H,2,0.4940014457239794,0.9880028914479588,N
ZIKA,2017-05-31,L,H,2,0.24982352324356416,0.4996470464871283,N
ZIKA,2017-06-01,L,L,1,-0.20096462699413786,-0.20096462699413786,N
ZIKA,2017-06-02,H,H,4,1.1840523369464062,4.736209347785625,N
ZIKA,2017-06-05,L,H,2,-0.6209257931636847,-1.2418515863273694,N
ZIKA,2017-06-06,L,H,2,0.544698030909907,1.089396061819814,N
ZIKA,2017-06-07,L,L,1,-0.4780106870142853,-0.4780106870142853,N
ZIKA,2017-06-08,L,L,1,-0.26417067345774203,-0.26417067345774203,N
ZIKA,2017-06-09,L,H,2,-0.15249538975825594,-0.3049907795165119,N
ZIKA,2017-06-12,L,L,1,-0.03215514417757026,-0.03215514417757026,N
ZIKA,2017-06-13,L,L,1,0.016079124991330573,0.016079124991330573,N
ZIKA,2017-06-14,H,H,4,1.5436613975798652,6.174645590319461,N
ZIKA,2017-06-15,L,H,2,-0.15835708254100522,-0.31671416508201045,N
ZIKA,2017-06-16,L,L,1,0.1982553560389455,0.1982553560389455,N
ZIKA,2017-06-19,L,L,1,-0.1424614189546758,-0.1424614189546758,N
ZIKA,2017-06-20,H,H,4,0.8956210017535327,3.5824840070141306,N
ZIKA,2017-06-21,L,L,1,0.20423801561104682,0.20423801561104682,N
ZIKA,2017-06-22,L,L,1,0.21950298243185173,0.21950298243185173,N
ZIKA,2017-06-23,L,H,2,-0.046931321868937115,-0.09386264373787423,N
ZIKA,2017-06-26,L,L,1,0.3756425135047925,0.3756425135047925,N
ZIKA,2017-06-27,H,H,4,-1.0681397578410912,-4.272559031364365,N
ZIKA,2017-06-28,L,L,1,-0.3309937767435933,-0.3309937767435933,N
ZIKA,2017-06-29,H,L,3,-0.8381410544940238,-2.5144231634820713,N
ZIKA,2017-06-30,L,L,1,-0.23124231779787507,-0.23124231779787507,N
ZIKA,2017-07-03,L,L,1,-0.527496790421278,-0.527496790421278,N
ZIKA,2017-07-05,L,L,1,0.024103326563573724,0.024103326563573724,N
ZIKA,2017-07-06,H,L,3,-0.8273749028415933,-2.48212470852478,N
ZIKA,2017-07-07,L,L,1,-0.5993828009021818,-0.5993828009021818,N
ZIKA,2017-07-10,L,H,2,0.14667617220767148,0.29335234441534297,N
ZIKA,2017-07-11,L,L,1,0.17086981007534696,0.17086981007534696,N
ZIKA,2017-07-12,H,H,4,0.690437814227618,2.761751256910472,N
ZIKA,2017-07-13,H,L,3,-0.6292344355375401,-1.8877033066126203,N
ZIKA,2017-07-14,L,L,1,0.12177463874005756,0.12177463874005756,N
ZIKA,2017-07-17,L,L,1,0.27567987876946365,0.27567987876946365,N
ZIKA,2017-07-18,H,H,4,0.8732934563482564,3.4931738253930256,N
ZIKA,2017-07-19,L,H,2,0.04008256513026165,0.0801651302605233,N
ZIKA,2017-07-20,L,H,2,0.2884623328093916,0.5769246656187832,N
ZIKA,2017-07-21,L,H,2,0.423456362305652,0.846912724611304,N
ZIKA,2017-07-24,L,L,1,-0.38985201066351616,-0.38985201066351616,N
ZIKA,2017-07-25,H,H,4,-1.3019145679372568,-5.207658271749027,N
ZIKA,2017-07-26,L,L,1,0.16184915432548852,0.16184915432548852,N
ZIKA,2017-07-27,L,L,1,-0.4928439967563425,-0.4928439967563425,N
ZIKA,2017-07-28,L,L,1,0.5927208316751864,0.5927208316751864,N
ZIKA,2017-07-31,L,L,1,0.12107676262067546,0.12107676262067546,N
ZIKA,2017-08-01,L,H,2,0.4837133143847705,0.967426628769541,N
ZIKA,2017-08-02,L,H,2,0.05616174627856019,0.11232349255712037,N
ZIKA,2017-08-03,H,H,4,1.0344006177082976,4.13760247083319,N
ZIKA,2017-08-04,H,L,3,-0.849206349206344,-2.547619047619032,N
ZIKA,2017-08-07,L,H,2,0.11206275514286101,0.22412551028572203,N
ZIKA,2017-08-08,L,L,1,-0.3597961141760586,-0.3597961141760586,N
ZIKA,2017-08-09,L,H,2,0.5456587896246479,1.0913175792492957,N
ZIKA,2017-08-10,H,L,3,0.8539504983092305,2.5618514949276916,N
ZIKA,2017-08-11,L,H,2,0.04747724822005139,0.09495449644010279,N
ZIKA,2017-08-14,L,L,1,-0.5141192754884116,-0.5141192754884116,N
ZIKA,2017-08-15,L,H,2,-0.4213698554728085,-0.842739710945617,N
ZIKA,2017-08-16,L,L,1,0.3672646706586846,0.3672646706586846,N
ZIKA,2017-08-17,H,H,4,0.7477551566920315,2.991020626768126,N
ZIKA,2017-08-18,L,L,1,-0.02368653732828241,-0.02368653732828241,N
ZIKA,2017-08-21,L,L,1,0.24482466644706324,0.24482466644706324,N
ZIKA,2017-08-22,L,L,1,-0.3860379736862818,-0.3860379736862818,N
ZIKA,2017-08-23,H,L,3,0.6801652850337625,2.0404958551012875,N
ZIKA,2017-08-24,L,L,1,-0.36920737543109095,-0.36920737543109095,N
ZIKA,2017-08-25,L,L,1,0.38634234193262174,0.38634234193262174,N
ZIKA,2017-08-28,L,H,2,-0.06283537543197992,-0.12567075086395985,N
ZIKA,2017-08-29,L,H,2,0.32222886391430894,0.6444577278286179,N
ZIKA,2017-08-30,L,H,2,-0.03133646641071408,-0.06267293282142816,N
ZIKA,2017-08-31,L,H,2,0.29777995221549336,0.5955599044309867,N
ZIKA,2017-09-01,H,H,4,-0.9688241420239718,-3.8752965680958873,N
ZIKA,2017-09-05,H,L,3,1.5857948717948656,4.757384615384597,N
ZIKA,2017-09-06,L,H,2,-0.6135399430545196,-1.2270798861090393,N
ZIKA,2017-09-07,H,H,4,1.0236758535307144,4.094703414122858,N
ZIKA,2017-09-08,L,L,1,-0.21658338657629672,-0.21658338657629672,N
ZIKA,2017-09-11,H,H,4,-1.1937992248062024,-4.7751968992248095,N
ZIKA,2017-09-12,L,H,2,-0.5256535424890352,-1.0513070849780703,N
ZIKA,2017-09-13,L,L,1,-0.39435286383505685,-0.39435286383505685,N
ZIKA,2017-09-14,L,L,1,0.41174835369586216,0.41174835369586216,N
ZIKA,2017-09-15,L,H,2,0.03943143347420186,0.07886286694840372,N
ZIKA,2017-09-18,L,L,1,-0.5754406386927258,-0.5754406386927258,N
ZIKA,2017-09-19,L,L,1,-0.24577579273232786,-0.24577579273232786,N
ZIKA,2017-09-20,L,H,2,0.07153393737084901,0.14306787474169802,N
ZIKA,2017-09-21,L,L,1,-0.05560161843851663,-0.05560161843851663,N
ZIKA,2017-09-22,L,L,1,0.2860783625581176,0.2860783625581176,N
ZIKA,2017-09-25,H,H,4,0.6259912985576488,2.503965194230595,N
ZIKA,2017-09-26,L,L,1,-0.18111347635425545,-0.18111347635425545,N
ZIKA,2017-09-27,H,H,4,-1.5067876063933783,-6.027150425573513,N
ZIKA,2017-09-28,L,L,1,-0.29635162669365833,-0.29635162669365833,N
ZIKA,2017-09-29,L,L,1,0.22493492388493408,0.22493492388493408,N
