Date,SP500_Close,XLY_Close,XLP_Close,XLE_Close,XLF_Close,XLV_Close,XLI_Close,XLB_Close,XLK_Close,XLU_Close,sp500_CHANGE,SP_rank
5/7/2015,2088,75.79,48.76,80.44,19.82,72.28,55.92,50.76,42.42,43.72,,
5/8/2015,2116.1,76.6,49.17,81.76,20.11,73.45,56.58,51.57,43.03,44.03,1.35%,574
5/11/2015,2105.33,76.26,48.97,80.22,20.03,73.49,56.53,51.33,42.81,43.73,-0.51%,99
5/12/2015,2099.12,76.12,48.86,80.59,19.96,73.02,56.47,50.79,42.58,43.68,-0.29%,141
5/13/2015,2098.48,75.64,48.84,80.38,19.97,73.1,56.59,50.73,42.76,43.25,-0.03%,271
5/14/2015,2121.1,75.98,49.59,80.35,20.15,74.11,57.16,51.26,43.45,43.75,1.08%,555
5/15/2015,2122.73,76.59,49.75,80.67,20.06,74.26,57.11,51.51,43.31,44.32,0.08%,335
5/18/2015,2129.2,76.88,49.59,80.74,20.17,74.7,57.22,51.28,43.52,44.49,0.30%,424
5/19/2015,2127.83,76.86,49.46,79.59,20.29,75.05,57.06,51.03,43.41,44.59,-0.06%,256
5/20/2015,2125.85,76.77,49.35,79.74,20.23,75.15,56.85,51,43.44,44.66,-0.09%,237
5/21/2015,2130.82,77.07,49.46,80.49,20.18,75.16,57.16,51.18,43.63,44.64,0.23%,408
5/22/2015,2126.06,76.94,49.25,80.2,20.19,74.98,56.9,51.12,43.6,44.57,-0.22%,164
5/26/2015,2104.2,76.39,48.86,78.93,19.96,74.22,56.28,50.48,42.97,44.29,-1.03%,46
5/27/2015,2123.48,76.96,49.17,78.79,20.18,75.08,56.64,50.81,43.78,44.47,0.92%,543
5/28/2015,2120.79,76.83,49.1,78.48,20.16,75.13,56.37,50.94,43.69,44.57,-0.13%,210
5/29/2015,2107.39,76.3,48.79,78.39,19.98,74.94,55.81,50.61,43.37,44.5,-0.63%,86
6/1/2015,2111.73,76.52,48.79,78.19,19.99,75.24,56.06,50.63,43.49,44.56,0.21%,401
6/2/2015,2109.6,76.69,48.66,78.73,20.03,74.75,56.17,50.79,43.4,43.97,-0.10%,229
6/3/2015,2114.07,77.29,48.63,78.19,20.2,74.89,56.45,50.84,43.49,43.32,0.21%,401
6/4/2015,2095.84,76.74,48.28,77.13,20.02,74.37,55.82,50.24,43.09,43.26,-0.86%,58
6/5/2015,2092.83,76.52,47.59,77.67,20.13,74.34,55.86,50.01,42.95,42.72,-0.14%,202
6/8/2015,2079.28,75.98,47.57,77.23,20.01,73.97,55.45,49.83,42.47,42.47,-0.65%,81
6/9/2015,2080.15,75.9,47.8,77.22,20.06,73.95,55.44,49.86,42.37,42.37,0.04%,311
6/10/2015,2105.2,76.68,48.27,78.17,20.34,74.86,55.99,50.38,43.03,42.58,1.20%,565
6/11/2015,2108.86,76.94,48.25,77.82,20.42,75.37,56.31,50.5,43.05,42.92,0.17%,379
6/12/2015,2094.11,76.59,48.06,76.95,20.33,74.44,55.98,50.2,42.67,42.54,-0.70%,74
6/15/2015,2084.43,76.23,47.71,76.77,20.24,74.53,55.51,49.89,42.41,42.47,-0.46%,105
6/16/2015,2096.29,76.69,48.23,77.37,20.36,74.9,55.56,50.15,42.69,42.67,0.57%,493
6/17/2015,2100.44,77.04,48.49,77.18,20.33,74.97,55.71,50.36,42.71,43.03,0.20%,394
6/18/2015,2121.24,77.97,49.03,77.13,20.52,76.03,56.27,50.78,43.09,43.6,0.99%,546
6/19/2015,2109.99,77.45,48.66,75.91,20.09,75.71,55.72,50.21,42.54,42.79,-0.53%,95
6/22/2015,2122.85,77.88,48.85,76.84,20.4,76.3,56.06,50.4,42.89,42.73,0.61%,502
6/23/2015,2124.2,78.19,48.64,77.09,20.44,76.45,55.92,50.26,42.92,42.15,0.06%,322
6/24/2015,2108.58,77.65,48.42,76.61,20.27,75.68,55.4,49.62,42.72,41.82,-0.74%,72
6/25/2015,2102.31,77.59,48.33,75.83,20.15,76.1,54.97,49.58,42.62,41.54,-0.30%,134
6/26/2015,2101.49,77.9,48.43,76.08,20.21,75.99,55.07,49.39,42.26,41.79,-0.04%,265
6/29/2015,2057.64,76.14,47.68,74.64,19.72,74.13,54.03,48.24,41.36,41.57,-2.09%,11
6/30/2015,2063.11,76.48,47.6,75.16,19.8,74.39,54.06,48.39,41.4,41.46,0.27%,415
7/1/2015,2077.42,77.35,48.21,74.2,20.1,75.19,54.33,48.66,41.68,41.71,0.69%,515
7/2/2015,2076.78,77.2,48.17,74.53,20.01,74.84,54.23,48.51,41.74,42.23,-0.03%,271
7/6/2015,2068.76,77.05,48.13,73.55,19.93,74.81,54.02,48.11,41.57,42.4,-0.39%,111
7/7/2015,2081.34,77.72,49.12,74.22,19.97,75.17,54.46,47.95,41.63,43.45,0.61%,502
7/8/2015,2046.68,76.24,48.57,72.72,19.62,73.88,53.48,46.9,40.95,43.22,-1.67%,18
7/9/2015,2051.31,76.56,48.61,73.09,19.77,74.28,53.61,47.04,40.79,42.74,0.23%,408
7/10/2015,2076.62,77.67,49.18,73.49,20.01,75.28,54.17,47.7,41.44,42.97,1.23%,566
7/13/2015,2099.6,78.79,49.64,74.01,20.25,75.92,54.77,48.22,42.07,42.99,1.11%,560
7/14/2015,2108.95,78.89,49.72,74.54,20.3,76.68,54.92,48.49,42.23,42.93,0.45%,463
7/15/2015,2107.4,78.81,49.59,73.23,20.47,76.78,54.69,48.11,42.24,43.14,-0.07%,251
7/16/2015,2124.29,79.29,50.1,73.33,20.67,77.14,54.94,47.99,42.78,43.78,0.80%,529
7/17/2015,2126.64,79.15,50.07,72.44,20.62,76.97,54.92,47.66,43.44,43.35,0.11%,349
7/20/2015,2128.28,79.19,50.16,71.48,20.64,77.22,54.93,47.26,43.67,43.13,0.08%,335
7/21/2015,2119.21,78.94,50.04,71.51,20.62,76.88,54.34,46.97,43.38,42.74,-0.43%,109
7/22/2015,2114.15,79.32,50.15,70.93,20.77,77.05,54.1,46.77,42.68,42.93,-0.24%,157
7/23/2015,2102.15,78.85,49.96,70.87,20.59,76.77,53.6,46.09,42.59,42.29,-0.57%,92
7/24/2015,2079.65,78.85,49.68,69.51,20.4,74.85,52.9,45.08,42.36,42.33,-1.07%,45
7/27/2015,2067.64,78.26,49.65,68.51,20.25,74.78,52.64,44.58,41.98,42.87,-0.58%,90
7/28/2015,2093.25,78.87,50.21,70.47,20.33,76.13,53.66,45.51,42.36,43.07,1.24%,567
7/29/2015,2108.57,79.68,50.38,71.43,20.54,76.26,54.32,45.84,42.64,43.23,0.73%,518
7/30/2015,2108.63,79.97,50.21,70.93,20.54,76.15,54.27,46.07,42.72,43.55,0.00%,287
7/31/2015,2103.84,80.22,50.31,69.38,20.47,76.59,54.22,45.95,42.58,43.99,-0.23%,161
8/3/2015,2098.04,79.95,50.38,67.92,20.45,76.53,53.96,45.59,42.35,44.22,-0.28%,147
8/4/2015,2093.32,80.29,50.38,67.69,20.41,76.49,53.93,45.79,42.1,43.51,-0.22%,164
8/5/2015,2099.84,79.42,50.82,67.18,20.5,77.13,54.23,46.02,42.51,43.62,0.31%,426
8/6/2015,2083.56,78.34,50.44,68.25,20.42,75.45,53.95,45.86,42.09,43.85,-0.78%,69
8/7/2015,2077.57,78.28,50.16,67.03,20.46,75.32,53.69,45.22,42.12,44.39,-0.29%,141
8/10/2015,2104.18,78.91,50.35,69.17,20.66,75.93,54.74,46.33,42.78,44.21,1.28%,570
8/11/2015,2084.07,78.2,50.17,69.3,20.47,75.29,54.07,45.47,42.14,44.43,-0.96%,49
8/12/2015,2086.05,77.86,50.2,70.56,20.29,75.34,54.08,45.64,42.33,45.22,0.10%,346
8/13/2015,2083.39,78.31,50,69.49,20.36,75.17,54.04,45.51,42.21,45.23,-0.13%,210
8/14/2015,2091.54,78.36,50.16,69.34,20.5,75.38,54.38,45.72,42.42,45.57,0.39%,448
8/17/2015,2102.44,79.11,50.21,69.49,20.54,76.14,54.65,45.98,42.66,45.79,0.52%,481
8/18/2015,2096.92,79.18,49.96,69.23,20.53,76.03,54.55,45.68,42.44,45.68,-0.26%,152
8/19/2015,2079.61,79.04,49.5,67.32,20.34,75.72,54.04,45.12,42.16,45.87,-0.83%,64
8/20/2015,2035.73,76.82,49.05,65.8,19.91,73.96,52.92,44.27,41.13,45.6,-2.11%,10
8/21/2015,1970.89,74.36,47.71,63.5,19.2,71.7,51.46,43.19,39.56,45.05,-3.19%,3
8/24/2015,1893.21,71.39,46.05,60.09,18.39,68.65,49.57,41.38,38.14,43.37,-3.94%,1
8/25/2015,1867.61,71.1,45.7,59.22,18.13,67.96,48.98,40.73,37.7,42.03,-1.35%,31
8/26/2015,1940.51,73.8,47.05,61.26,18.82,70.83,50.51,41.83,39.6,42.78,3.90%,605
8/27/2015,1987.66,75.53,47.74,64.29,19.28,72.21,51.73,43.35,40.52,43.28,2.43%,602
8/28/2015,1988.87,75.56,47.64,65.75,19.19,71.8,51.75,43.6,40.6,43.15,0.06%,322
8/31/2015,1972.18,74.98,47.31,66.43,19.03,70.49,51.29,43.36,40.23,42.46,-0.84%,62
9/1/2015,1913.85,73.08,46.34,64.09,18.41,68.64,49.93,42.04,38.94,41.31,-2.96%,4
9/2/2015,1948.86,74.62,46.97,64.68,18.66,70.05,51.04,42.64,39.88,41.34,1.83%,594
9/3/2015,1951.13,74.65,47.29,64.86,18.77,69.55,51.07,42.9,39.91,41.53,0.12%,355
9/4/2015,1921.22,73.85,46.52,63.79,18.39,68.68,50.36,42.05,39.3,40.96,-1.53%,22
9/8/2015,1969.41,75.56,47.49,64.79,18.86,70.6,51.75,43.1,40.4,41.83,2.51%,604
9/9/2015,1942.04,74.75,46.71,63.57,18.6,69.51,51.2,42.77,39.87,41.31,-1.39%,30
9/10/2015,1952.29,74.96,46.79,63.94,18.69,70.18,51.23,42.87,40.27,41.24,0.53%,486
9/11/2015,1961.05,75.52,47.1,63.37,18.77,70.63,51.51,42.81,40.46,41.55,0.45%,463
9/14/2015,1953.03,75.12,46.95,62.82,18.73,70.41,51.25,42.3,40.36,41.65,-0.41%,110
9/15/2015,1978.09,75.91,47.51,63.52,19,71.42,52.14,42.61,40.88,41.87,1.28%,570
9/16/2015,1995.31,76.77,48.05,65.32,19.12,71.62,52.52,43.22,41.05,42.29,0.87%,538
9/17/2015,1990.2,76.97,48.05,65.28,18.86,72.27,52.29,43.02,40.77,42.87,-0.26%,152
9/18/2015,1958.03,75.46,47.19,63.1,18.4,70.91,50.86,41.88,40.06,42.23,-1.62%,19
9/21/2015,1966.97,76.12,47.54,63.46,18.61,69.97,51.11,42.02,40.46,42.4,0.46%,466
9/22/2015,1942.74,75.11,47.02,62.79,18.38,69.54,50.37,41.24,39.78,41.87,-1.23%,36
9/23/2015,1938.76,74.91,47.1,61.98,18.38,69.47,50.02,40.36,39.88,41.98,-0.20%,176
9/24/2015,1932.24,74.71,47.18,62.25,18.25,68.76,49.71,40.25,39.88,42.32,-0.34%,123
9/25/2015,1931.34,74.7,47.48,62.37,18.52,66.88,49.81,40.2,39.81,42.73,-0.05%,260
9/28/2015,1881.77,72.55,46.78,59.88,18.09,64.29,48.83,38.95,38.9,42.52,-2.57%,5
9/29/2015,1884.09,72.31,46.76,59.79,18.12,64.88,49.15,39.1,38.73,42.53,0.12%,355
9/30/2015,1920.03,74.26,47.19,61.2,18.4,66.23,49.89,39.92,39.5,43.29,1.91%,596
10/1/2015,1923.82,74.81,47.19,61.32,18.41,66.9,49.78,40.37,39.52,42.78,0.20%,394
10/2/2015,1951.36,75.88,47.84,63.85,18.43,68.29,50.41,41.36,40.08,43.35,1.43%,579
10/5/2015,1987.05,77,48.66,65.78,18.82,68.47,51.84,42.44,40.87,43.91,1.83%,594
10/6/2015,1979.92,76.43,48.33,67.24,18.73,66.86,51.79,42.99,40.92,43.61,-0.36%,116
10/7/2015,1995.83,76.69,48.77,68.09,18.88,67.93,52.47,43.56,41.11,43.46,0.80%,529
10/8/2015,2013.43,77.63,49.35,69.39,18.99,68.13,53.2,44.17,41.3,44,0.88%,539
10/9/2015,2014.89,77.72,49.46,68.94,18.87,68.44,53.38,44.15,41.48,43.79,0.07%,332
10/12/2015,2017.46,78.09,49.59,68.05,18.89,68.62,53.39,43.77,41.53,44.18,0.13%,361
10/13/2015,2003.69,77.67,49.29,67.34,18.74,67.76,52.82,43.6,41.44,44.08,-0.68%,76
10/14/2015,1994.24,76.88,48.72,67.92,18.59,67.63,52.25,43.95,41.36,44.07,-0.47%,103
10/15/2015,2023.86,77.88,49.16,69.14,19.01,69.14,52.82,44.07,41.89,44.72,1.49%,583
10/16/2015,2033.11,78.29,49.63,69.23,19.12,69.76,52.55,44.09,41.97,44.78,0.46%,466
10/19/2015,2033.66,78.66,49.85,67.86,19.11,70.01,52.62,43.78,42.13,44.81,0.03%,302
10/20/2015,2030.77,78.56,49.82,68.05,19.22,68.91,52.97,43.85,42.02,44.96,-0.14%,202
10/21/2015,2018.94,78.21,49.83,67.21,19.08,68.29,52.98,43.46,41.7,44.87,-0.58%,90
10/22/2015,2052.51,79.24,50.82,68.42,19.39,67.88,54.46,44.65,42.64,45.39,1.66%,590
10/23/2015,2075.15,79.63,50.74,68.26,19.6,69.33,54.66,45.02,43.83,44.59,1.10%,559
10/26/2015,2071.18,80.19,50.64,66.59,19.52,69.6,54.54,44.65,43.66,44.43,-0.19%,180
10/27/2015,2065.89,79.81,50.71,65.79,19.41,70.88,53.94,44.46,43.41,44.27,-0.26%,152
10/28/2015,2090.35,80.57,50.42,67.25,19.86,71.47,54.37,45.13,44.06,43.8,1.18%,563
10/29/2015,2089.41,80.8,50.44,67.59,19.84,71.79,54.34,45.22,43.94,43.55,-0.04%,265
10/30/2015,2079.36,80.97,49.88,68.03,19.55,71.34,54.27,45.28,43.65,43.75,-0.48%,102
11/2/2015,2104.05,81.34,50.18,69.62,19.82,72.86,54.9,45.56,44.04,43.8,1.19%,564
11/3/2015,2109.79,81.65,49.94,71.4,19.85,72.6,54.94,45.74,44.27,43.93,0.27%,415
11/4/2015,2102.31,81.12,49.73,70.76,19.8,72.28,54.79,45.44,44.32,44.16,-0.35%,119
11/5/2015,2099.93,81.41,49.72,70.16,19.88,72.05,54.86,45.21,44.19,43.78,-0.11%,222
11/6/2015,2099.2,81.42,49.18,69.8,20.08,71.75,54.86,45.33,44.34,42.25,-0.03%,271
11/9/2015,2078.58,80.3,48.85,69.11,19.86,71.2,54.44,45.02,43.91,42.36,-0.98%,48
11/10/2015,2081.72,81.06,48.98,69.26,19.95,71.68,54.43,44.69,43.62,42.74,0.15%,367
11/11/2015,2075,80.58,48.91,67.79,19.89,70.97,54.5,44.74,43.6,43.11,-0.32%,129
11/12/2015,2045.97,79.83,48.25,66.25,19.59,69.74,53.76,43.84,43.22,42.7,-1.40%,29
11/13/2015,2023.04,77.73,47.83,65.98,19.42,69.57,53.52,44.4,42.37,42.54,-1.12%,40
11/16/2015,2053.19,78.67,48.65,68.18,19.66,70.44,54.21,44.97,43.02,43.26,1.49%,583
11/17/2015,2050.44,78.82,48.63,67.43,19.62,70.74,54.1,44.92,43.03,42.48,-0.13%,210
11/18/2015,2083.58,80.17,49.3,68.54,19.97,72.12,54.85,45.72,43.68,42.75,1.62%,586
11/19/2015,2081.24,80.27,49.43,67.62,20,70.91,55.09,45.67,43.88,43.21,-0.11%,222
11/20/2015,2089.17,81.23,49.08,66.9,20.03,71.52,55.37,45.53,44.2,43.39,0.38%,446
11/23/2015,2086.59,81.53,49.51,67.38,19.95,71.34,55.09,45.59,43.94,42.99,-0.12%,218
11/24/2015,2089.14,81.36,49.64,68.82,19.9,71.56,55,45.97,43.95,42.93,0.12%,355
11/25/2015,2088.87,81.77,49.77,68.26,19.91,71.95,55,45.68,43.81,42.67,-0.01%,281
11/27/2015,2090.11,81.47,49.96,67.77,19.96,72.09,55.1,45.62,43.91,42.75,0.06%,322
11/30/2015,2080.41,80.78,49.42,68.02,19.94,71.11,54.74,45.73,43.96,42.82,-0.46%,105
12/1/2015,2102.63,81.61,49.84,68.56,20.16,72.31,55,46.05,44.35,43.16,1.07%,554
12/2/2015,2079.51,80.9,49.59,66.44,19.93,71.7,54.44,45.43,44.07,42.2,-1.10%,42
12/3/2015,2049.62,79.68,49.33,65.11,19.6,70.13,53.76,45.03,43.5,41.88,-1.44%,27
12/4/2015,2091.69,81.22,50.44,64.7,20.12,71.78,54.56,45.82,44.57,42.47,2.05%,599
12/7/2015,2077.07,80.88,50.58,62.24,19.94,71.38,54.29,45,44.35,42.66,-0.70%,74
12/8/2015,2063.59,80.64,50.45,61.6,19.68,71.54,53.42,44.15,44.24,42.6,-0.65%,81
12/9/2015,2047.62,79.61,49.97,62.41,19.46,70.82,53.26,45.48,43.59,42.61,-0.77%,70
12/10/2015,2052.23,79.88,50.03,62.81,19.47,71.35,53.51,45.14,43.71,41.91,0.23%,408
12/11/2015,2012.37,78.06,49.48,60.46,19.04,70.3,52.61,43.94,42.8,41.79,-1.94%,12
12/14/2015,2021.94,78.46,49.97,60.78,19.08,70.76,52.8,43.36,43.13,42,0.48%,475
12/15/2015,2043.41,78.89,50.29,62.31,19.53,71.68,52.81,43.6,43.32,42.33,1.06%,552
12/16/2015,2073.07,80.21,51.26,61.9,19.85,72.61,53.75,44.05,43.91,43.4,1.45%,580
12/17/2015,2041.89,78.89,50.6,60.38,19.56,71.83,52.86,43.17,43.22,43.49,-1.50%,24
12/18/2015,2005.55,77.33,49.34,58.79,18.92,70.49,51.74,42.27,42.17,42.51,-1.78%,17
12/21/2015,2021.15,77.72,49.9,58.85,19.11,71.13,52.14,42.65,42.6,42.48,0.78%,526
12/22/2015,2038.97,78.29,50.55,59.54,19.29,71.61,52.86,43.19,42.91,42.84,0.88%,539
12/23/2015,2064.29,78.69,50.92,62.13,19.51,72.38,53.48,44.21,43.27,43.5,1.24%,567
12/24/2015,2060.99,78.48,50.87,61.57,19.5,72.45,53.46,44.11,43.25,43.47,-0.16%,195
12/28/2015,2056.5,78.68,50.8,60.45,19.48,72.11,53.34,43.8,43.22,43.55,-0.22%,164
12/29/2015,2078.36,79.59,51.24,60.87,19.68,72.99,53.85,44.21,43.81,43.79,1.06%,552
12/30/2015,2063.36,78.95,51.06,60.05,19.55,72.68,53.4,43.8,43.44,43.75,-0.72%,73
12/31/2015,2043.94,78.16,50.49,60.32,19.35,72.03,53.01,43.42,42.83,43.28,-0.94%,51
1/4/2016,2012.66,76.82,49.85,60.3,18.98,70.73,52.3,42.74,42.27,43.19,-1.53%,22
1/5/2016,2016.71,76.72,50.17,60.53,19.05,71.07,52.44,42.72,42.16,43.5,0.20%,394
1/6/2016,1990.26,75.97,50,58.2,18.76,70.49,51.63,41.6,41.64,43.42,-1.31%,32
1/7/2016,1943.09,74.41,49.4,56.78,18.23,69.06,50.23,40.47,40.41,43.13,-2.37%,8
1/8/2016,1922.03,73.61,49.02,56.05,17.95,68.02,49.72,40.06,40.09,43.11,-1.08%,44
1/11/2016,1923.67,74.19,49.48,54.85,17.97,67.21,49.75,39.38,40.35,43.34,0.09%,343
1/12/2016,1938.68,75.01,49.75,54.98,18.11,68.07,50.15,39.44,40.83,43.17,0.78%,526
1/13/2016,1890.28,72.48,48.84,53.66,17.64,66.05,48.94,38.53,39.73,43.15,-2.50%,6
1/14/2016,1921.84,73,49.07,55.97,17.79,67.82,49.52,39.05,40.48,43.8,1.67%,591
1/15/2016,1880.33,71.5,48.3,54.35,17.39,66.87,48.65,38.25,39.34,43.41,-2.16%,9
1/19/2016,1881.33,71.77,48.88,53.18,17.39,66.86,48.64,37.78,39.38,44.06,0.05%,316
1/20/2016,1859.33,71.14,48.27,51.77,17.04,66.99,48.01,37.5,39.07,43.07,-1.17%,39
1/21/2016,1868.99,72.05,48.46,53.38,16.97,66.79,48.22,37.83,39.29,43.03,0.52%,481
1/22/2016,1906.9,73.31,49.29,55.74,17.28,67.85,48.64,38.51,40.38,43.8,2.03%,598
1/25/2016,1877.08,72.47,48.85,53.14,16.93,67.22,48.04,37.28,39.91,43.43,-1.56%,20
1/26/2016,1903.63,73.53,49.29,55.15,17.22,67.73,48.95,37.92,40.3,43.73,1.41%,578
1/27/2016,1882.95,72.38,49.25,54.89,17.15,66.96,48.4,37.62,39.47,43.83,-1.09%,43
1/28/2016,1893.36,73.31,49.75,56.56,17.16,65.4,48.68,37.68,39.98,44.53,0.55%,491
1/29/2016,1940.24,74.11,50.76,58.21,17.64,66.47,49.99,38.77,41.24,45.42,2.48%,603
2/1/2016,1939.38,74.56,50.93,57.24,17.56,66.57,49.87,38.93,41.39,45.85,-0.04%,265
2/2/2016,1903.03,73.11,50.28,55.33,17.08,65.61,48.87,38.67,40.65,46.05,-1.87%,13
2/3/2016,1912.53,72.92,50.17,57.3,17.09,66.04,49.66,39.97,40.6,46.62,0.50%,478
2/4/2016,1915.45,72.5,49.71,57.27,17.24,65.68,50.52,41.08,40.64,46.42,0.15%,367
2/5/2016,1880.05,70.16,49.63,55.94,17.01,64.4,50.04,40.61,39.5,46.57,-1.85%,14
2/8/2016,1853.44,68.8,49.5,55.65,16.58,63.52,49.62,39.54,38.93,46.41,-1.42%,28
2/9/2016,1852.21,68.69,49.83,54.31,16.56,63.99,49.92,40.03,38.75,46.57,-0.07%,251
2/10/2016,1851.86,68.57,49.77,54.09,16.47,64.56,49.68,39.65,38.83,46.52,-0.02%,275
2/11/2016,1829.08,68.53,49.37,53.86,15.96,63.52,48.69,38.79,38.73,45.7,-1.23%,36
2/12/2016,1864.78,69.79,50.07,55.28,16.64,64.37,49.67,39.94,39.27,45.56,1.95%,597
2/16/2016,1895.58,71.48,50.47,55.83,16.91,65.58,50.67,40.55,39.97,45.85,1.65%,588
2/17/2016,1926.82,73.02,50.99,57.66,17.13,66.41,51.45,41.35,40.79,45.76,1.65%,588
2/18/2016,1917.83,72.54,50.76,56.94,17.04,66,51.42,41.23,40.63,46.51,-0.47%,103
2/19/2016,1917.78,72.74,50.84,56.81,17.04,65.93,51.32,40.75,40.66,46.2,0.00%,287
2/22/2016,1945.5,74.15,51.09,58.26,17.3,66.87,52.19,41.53,41.2,46.74,1.45%,580
2/23/2016,1921.27,73.74,51.08,56.27,17,66.37,51.67,40.51,40.55,46.78,-1.25%,33
2/24/2016,1929.8,74.17,51.24,56.84,16.96,66.59,51.7,40.93,40.86,47,0.44%,459
2/25/2016,1951.7,74.91,51.82,56.89,17.19,67.42,52.38,41.46,41.37,47.48,1.13%,562
2/26/2016,1948.05,74.83,51.09,57.23,17.31,67.3,52.45,42.06,41.26,46.17,-0.19%,180
2/29/2016,1932.23,74.44,50.92,56.58,17.13,66.23,52.12,41.8,40.97,46.3,-0.81%,65
3/1/2016,1978.35,76.41,51.41,58.06,17.7,67.65,53.14,42.87,42.19,46.07,2.39%,601
3/2/2016,1986.45,76.34,51.56,59.48,17.9,67.76,53.18,42.7,42.31,46.31,0.41%,452
3/3/2016,1993.4,76.79,51.82,60.38,18.02,67.57,53.56,42.96,42.31,46.59,0.35%,439
3/4/2016,1999.99,76.72,52.04,60.96,18.09,67.41,53.78,43.46,42.42,47.11,0.33%,432
3/7/2016,2001.76,76.39,51.72,62.39,18.08,67.95,53.94,43.96,42.16,47.37,0.09%,343
3/8/2016,1979.26,75.79,51.87,59.77,17.79,67.12,53.18,43.1,41.9,47.84,-1.12%,40
3/9/2016,1989.26,75.94,52.26,60.74,17.82,67.24,53.35,43.37,42.26,48.06,0.51%,480
3/10/2016,1989.57,76.13,52.28,60.79,17.8,67.28,53.27,43.6,42.22,48.1,0.02%,296
3/11/2016,2022.19,77.3,52.45,62.36,18.26,68.59,54.04,44.4,42.87,48.15,1.64%,587
3/14/2016,2019.64,77.59,52.42,61.95,18.21,68.3,54.09,44.1,42.92,48.21,-0.13%,210
3/15/2016,2015.93,77.57,52.55,61.83,18.2,67.24,54.06,44.2,43.08,48.3,-0.18%,184
3/16/2016,2027.22,78.2,52.67,62.9,18.16,67.08,54.25,44.57,43.58,49.04,0.56%,492
3/17/2016,2040.59,78.31,52.99,63.76,18.38,66.3,55.44,45.39,43.74,49.31,0.66%,512
3/18/2016,2049.58,78.09,52.65,63.49,18.46,66.84,55.63,45.42,43.59,48.63,0.44%,459
3/21/2016,2051.6,78.13,52.68,63.27,18.43,67.23,55.96,45.63,43.74,48.58,0.10%,346
3/22/2016,2049.8,78,52.37,62.92,18.37,67.9,55.64,45.11,43.75,48.42,-0.09%,237
3/23/2016,2036.71,77.45,52.38,61.54,18.23,67.42,55.28,44.55,43.5,48.78,-0.64%,84
3/24/2016,2035.94,77.55,52.32,61.84,18.12,67.39,55.12,44.55,43.62,48.91,-0.04%,265
3/28/2016,2037.05,77.9,52.6,61.51,18.17,67.2,55.14,44.74,43.51,48.73,0.05%,316
3/29/2016,2055.01,78.69,52.99,61.8,18.21,67.98,55.5,44.99,44.19,49.45,0.88%,539
3/30/2016,2063.95,79.19,53.34,61.92,18.31,67.99,55.6,45.19,44.45,49.33,0.44%,459
3/31/2016,2059.74,79.1,53.06,61.89,18.27,67.78,55.47,44.81,44.36,49.62,-0.20%,176
4/1/2016,2072.78,79.43,53.62,61.06,18.43,68.55,55.73,45.24,44.7,49.81,0.63%,506
4/4/2016,2066.13,78.81,53.64,60.61,18.34,69.37,55.1,44.65,44.53,49.6,-0.32%,129
4/5/2016,2045.17,78.14,53.28,60.2,18.08,68.47,54.76,44.37,44.1,48.67,-1.01%,47
4/6/2016,2066.66,78.88,53.7,61.5,18.18,70.31,55.03,44.88,44.53,48.61,1.05%,551
4/7/2016,2041.91,77.99,53.12,61.14,17.84,69.54,54.5,44.23,43.89,48.59,-1.20%,38
4/8/2016,2047.6,77.87,53.41,62.37,17.91,69.35,54.71,44.52,43.89,48.85,0.28%,418
4/11/2016,2041.99,77.58,53.03,62.11,17.98,68.82,54.73,44.72,43.77,48.64,-0.27%,149
4/12/2016,2061.72,78.17,53.36,63.96,18.21,69.38,55.05,45.34,44.07,48.98,0.97%,544
4/13/2016,2082.42,79.27,52.95,64.26,18.62,70.03,55.87,45.79,44.52,48.68,1.00%,548
4/14/2016,2082.78,79.27,52.71,64.41,18.66,70.07,55.97,45.82,44.51,48.62,0.02%,296
4/15/2016,2080.73,79.49,53.04,63.54,18.6,70.02,56.05,46.03,44.34,48.89,-0.10%,229
4/18/2016,2094.34,80.24,53.34,64.59,18.73,70.67,56.1,46.24,44.53,49.08,0.65%,509
4/19/2016,2100.8,79.8,53.31,65.88,18.97,70.92,56.5,47.23,44.28,49.16,0.31%,426
4/20/2016,2102.4,79.9,52.59,66.47,19.12,71.3,56.41,47.09,44.37,47.93,0.08%,335
4/21/2016,2091.48,79.62,51.77,66.08,18.95,71.72,56.27,46.88,44.21,46.93,-0.52%,97
4/22/2016,2091.58,79.46,51.96,67.04,19.12,71.87,56.41,47.21,43.44,47.35,0.00%,287
4/25/2016,2087.79,79.55,52.32,66.29,19.08,71.59,56.14,47.05,43.45,47.44,-0.18%,184
4/26/2016,2091.7,79.74,52.11,67.35,19.21,71.32,56.64,47.43,43.24,47.51,0.19%,387
4/27/2016,2095.15,79.66,52.36,68.63,19.24,71.24,57.04,47.83,43.04,48.2,0.16%,373
4/28/2016,2075.81,78.8,52.41,67.61,19.03,70.9,56.49,47.38,42.5,48.13,-0.92%,55
4/29/2016,2065.3,79.2,52.3,67.5,18.93,69.79,56.16,47.1,42.13,48.42,-0.51%,99
5/2/2016,2081.43,80.31,52.9,67.43,19.1,70.19,56.45,47.27,42.44,48.81,0.78%,526
5/3/2016,2063.37,79.57,52.8,65.84,18.86,69.97,55.99,46.49,42.05,48.77,-0.87%,57
5/4/2016,2051.12,79.21,52.96,64.89,18.71,69.3,55.3,46.02,41.92,49.34,-0.59%,88
5/5/2016,2050.63,78.7,52.97,65.42,18.7,69.59,55.27,45.79,41.94,49.15,-0.02%,275
5/6/2016,2057.14,79.28,53.24,65.27,18.78,69.18,55.64,46.16,42.25,48.83,0.32%,431
5/9/2016,2058.69,79.5,53.53,64.32,18.73,69.97,55.39,45.6,42.25,49.11,0.08%,335
5/10/2016,2084.39,80.52,54.06,65.45,19,70.56,56.34,46.36,42.8,49.16,1.25%,569
5/11/2016,2064.46,78.9,53.63,65.65,18.8,69.71,55.87,46.2,42.49,49.34,-0.96%,49
5/12/2016,2064.11,79.05,53.92,65.83,18.81,69.3,55.75,46.4,42.37,49.63,-0.02%,275
5/13/2016,2046.61,78.11,53.24,64.99,18.58,69.14,55.05,45.95,42.21,49.39,-0.85%,61
5/16/2016,2066.66,78.6,53.58,66.09,18.68,70.08,55.73,46.74,42.8,49.45,0.98%,545
5/17/2016,2047.21,77.71,52.53,66.4,18.57,69.35,55.46,46.5,42.37,48.61,-0.94%,51
5/18/2016,2047.63,77.26,51.92,65.76,18.9,69.64,55.27,45.79,42.45,47.7,0.02%,296
5/19/2016,2040.04,77.19,52.43,65.77,18.72,69.05,54.75,45.95,42.22,48.18,-0.37%,115
5/20/2016,2052.32,77.7,52.16,66.16,18.85,69.69,55.03,46.28,42.73,48.29,0.60%,500
5/23/2016,2048.04,77.43,52.21,65.99,18.83,69.41,54.93,46.82,42.65,47.86,-0.21%,172
5/24/2016,2076.06,78.36,52.65,66.32,19.12,70.41,55.5,47.13,43.45,48.34,1.37%,576
5/25/2016,2090.54,78.79,52.73,67.37,19.32,70.85,55.88,47.71,43.75,48.2,0.70%,516
5/26/2016,2090.1,78.95,52.94,67.09,19.21,70.86,55.72,47.2,43.89,48.75,-0.02%,275
5/27/2016,2099.06,79.32,53,67.13,19.33,71.18,55.93,47.18,44.1,48.83,0.43%,456
5/31/2016,2096.96,79.24,52.66,66.87,19.29,71.35,55.92,46.94,44.19,49.15,-0.10%,229
6/1/2016,2099.33,79.19,53.2,66.89,19.33,71.61,55.97,47,44.08,49.28,0.11%,349
6/2/2016,2105.26,79.63,53.22,66.8,19.37,72.53,56.04,47.26,44.04,49.3,0.28%,418
6/3/2016,2099.13,79.11,53.56,66.54,19.09,72.29,55.99,47.66,43.94,50.08,-0.29%,141
6/6/2016,2109.41,79.31,53.62,68.01,19.21,72.68,56.52,48.15,44.02,50.01,0.49%,477
6/7/2016,2112.13,79.41,53.56,69.55,19.16,72.23,56.79,48.17,44.2,49.97,0.13%,361
6/8/2016,2119.12,79.5,53.88,69.39,19.18,72.48,57.15,48.45,44.29,50.27,0.33%,432
6/9/2016,2115.48,79.32,54.09,68.86,19.04,72.36,57.14,48.1,44.3,50.7,-0.17%,190
6/10/2016,2096.07,78.49,54.13,67.37,18.81,71.78,56.47,47.74,43.96,50.57,-0.92%,55
6/13/2016,2079.06,78.06,53.68,67.17,18.68,71.21,55.86,47.21,43.47,50.51,-0.81%,65
6/14/2016,2075.32,77.86,53.89,67.13,18.4,71.32,55.87,46.86,43.57,50.78,-0.18%,184
6/15/2016,2071.5,78.08,53.73,66.97,18.43,70.83,55.89,47.07,43.46,50.46,-0.18%,184
6/16/2016,2077.99,78.33,54.01,66.65,18.47,71.08,55.99,47.23,43.55,50.78,0.31%,426
6/17/2016,2071.22,77.93,53.47,66.89,18.36,70.06,55.73,47.2,43.05,50.55,-0.33%,125
6/20/2016,2083.25,78.63,53.64,67.47,18.47,70.5,56.24,47.47,43.23,50.36,0.58%,496
6/21/2016,2088.9,78.45,53.78,68.27,18.57,70.26,56.2,47.34,43.53,50.43,0.27%,415
6/22/2016,2085.45,78.34,53.81,67.89,18.56,70.46,56.04,47.39,43.38,50.19,-0.17%,190
6/23/2016,2113.32,79.11,54.14,69.01,18.95,71.38,56.69,48.12,43.97,50.33,1.34%,573
6/24/2016,2037.41,76.15,53.1,66.78,17.93,69.29,54.38,46.02,42.28,50.61,-3.59%,2
6/27/2016,2000.54,74.77,52.99,64.64,17.42,68.38,53.1,44.47,41.43,51.03,-1.81%,16
6/28/2016,2036.09,76.26,53.32,66.44,17.87,69.71,54,44.85,42.25,51.22,1.78%,593
6/29/2016,2070.77,77.49,53.94,67.7,18.27,71.04,54.96,45.61,42.9,51.36,1.70%,592
6/30/2016,2098.86,78.06,55.15,68.24,18.56,71.71,56.01,46.34,43.37,52.47,1.36%,575
7/1/2016,2102.95,78.87,54.89,68.6,18.47,72.16,56.19,46.36,43.47,52.48,0.19%,387
7/5/2016,2088.55,78.23,55.2,67.22,18.19,72.09,55.68,45.52,43.15,52.87,-0.68%,76
7/6/2016,2099.73,78.9,55.25,67.51,18.24,72.9,55.96,45.7,43.45,52.98,0.54%,489
7/7/2016,2097.9,79.24,55.14,66.82,18.26,72.79,56.11,45.82,43.45,52,-0.09%,237
7/8/2016,2129.9,80.62,55.69,67.71,18.61,73.69,57.23,46.96,44.13,52.54,1.53%,585
7/11/2016,2137.16,81.09,55.7,67.84,18.72,73.49,57.59,47.19,44.39,52.5,0.34%,435
7/12/2016,2152.14,81.41,55.4,69.52,18.95,73.85,58.12,48.05,44.75,51.78,0.70%,516
7/13/2016,2152.43,81.01,55.71,68.92,18.95,73.82,58.26,48.18,44.76,52.19,0.01%,294
7/14/2016,2163.75,81.34,55.7,69.27,19.13,74.14,58.7,48.61,45.05,51.85,0.53%,486
7/15/2016,2161.74,80.98,55.7,69.23,19.1,74.08,58.69,48.78,45.01,52,-0.09%,237
7/18/2016,2166.89,81.29,55.64,69.28,19.16,74.11,58.64,49.1,45.31,52.15,0.24%,412
7/19/2016,2163.78,81.14,55.6,68.89,19.17,73.95,58.67,48.81,45.21,52.06,-0.14%,202
7/20/2016,2173.02,81.48,55.4,68.79,19.21,74.62,58.78,48.83,45.8,51.76,0.43%,456
7/21/2016,2165.17,81.26,55.24,68.11,19.11,74.84,58.18,48.53,45.56,52.07,-0.36%,116
7/22/2016,2175.03,81.6,55.5,68.32,19.23,74.99,58.29,48.66,45.83,52.76,0.46%,466
7/25/2016,2168.48,81.73,55.44,66.96,19.19,74.91,57.98,48.58,45.77,52.67,-0.30%,134
7/26/2016,2169.18,81.63,55.01,67.35,19.21,74.78,58.46,48.95,45.87,52.21,0.03%,302
7/27/2016,2166.58,81.38,54.19,66.69,19.2,75.12,58.23,49.01,46.25,51.61,-0.12%,218
7/28/2016,2170.06,81.53,54.43,66.7,19.24,75.05,58.21,48.94,46.28,51.81,0.16%,373
7/29/2016,2173.6,81.62,54.7,67.38,19.21,75.2,58.04,48.69,46.45,52.12,0.16%,373
8/1/2016,2170.84,81.75,54.76,65.16,19.16,75.68,57.97,48.42,46.54,52.15,-0.13%,210
8/2/2016,2157.03,80.53,54.68,65.75,18.99,75.39,57.43,48.29,46.19,51.81,-0.64%,84
8/3/2016,2163.79,80.76,54.38,67.02,19.19,75.18,57.71,48.41,46.35,51.5,0.31%,426
8/4/2016,2164.25,80.72,54.5,66.92,19.14,75.07,57.73,48.61,46.6,51.47,0.02%,296
8/5/2016,2182.87,81.57,54.59,67.53,19.51,75.25,58.31,48.77,47.05,50.73,0.86%,536
8/8/2016,2180.89,81.3,54.53,68.43,19.53,74.61,58.39,48.87,47.04,50.71,-0.09%,237
8/9/2016,2181.74,81.06,54.7,68.07,19.55,74.79,58.37,48.72,47.14,50.7,0.04%,311
8/10/2016,2175.49,81.23,54.9,67.33,19.39,74.54,58.34,48.73,46.99,50.71,-0.29%,141
8/11/2016,2185.79,82.04,54.9,68.32,19.43,74.97,58.72,48.94,47.16,50.83,0.47%,471
8/12/2016,2184.05,82,55.09,68.7,19.38,74.78,58.56,48.42,47.11,50.9,-0.08%,245
8/15/2016,2190.15,82.16,54.95,69.25,19.51,74.91,58.95,48.91,47.34,50.12,0.28%,418
8/16/2016,2178.15,81.69,54.71,69.36,19.46,74.24,58.69,48.65,46.99,49.53,-0.55%,94
8/17/2016,2182.22,81.5,54.86,69.57,19.52,74.39,58.86,48.61,46.97,50.27,0.19%,387
8/18/2016,2187.02,81.45,55.05,71,19.51,74.42,59.04,48.92,46.99,50.89,0.22%,403
8/19/2016,2183.87,81.5,54.92,70.41,19.5,74.36,59.02,48.99,47.02,50.27,-0.14%,202
8/22/2016,2182.64,81.42,55,69.6,19.5,74.51,58.97,48.92,47.02,50.4,-0.06%,256
8/23/2016,2186.9,81.83,54.89,70.09,19.52,74.58,59.02,49.34,47.19,50.18,0.20%,394
8/24/2016,2175.44,81.44,54.8,69.81,19.51,73.41,58.84,48.77,46.93,50.16,-0.52%,97
8/25/2016,2172.47,81.17,54.59,69.62,19.55,72.79,58.83,49.01,47.03,50.19,-0.14%,202
8/26/2016,2169.04,80.94,54.31,69.38,19.58,73.07,58.66,48.73,47.05,49.15,-0.16%,195
8/29/2016,2180.38,81.22,54.63,69.85,19.75,73.23,59.08,49.17,47.23,49.55,0.52%,481
8/30/2016,2176.12,80.77,54.31,69.61,19.93,72.98,58.92,49.05,47.07,49.03,-0.20%,176
8/31/2016,2170.95,80.56,54.38,68.51,19.94,72.76,58.59,48.56,46.99,49.23,-0.24%,157
9/1/2016,2170.86,80.72,54.4,68.31,19.86,72.57,58.64,48.76,47.14,48.98,0.00%,287
9/2/2016,2179.98,80.88,54.82,69.08,19.95,72.65,58.93,49.25,47.35,49.63,0.42%,455
9/6/2016,2186.48,81.03,54.94,70.12,19.92,72.91,58.76,49.14,47.59,50.17,0.30%,424
9/7/2016,2186.16,81.07,54.46,70.52,19.91,72.91,58.83,49.07,47.71,50.18,-0.01%,281
9/8/2016,2181.3,80.37,54.16,71.84,19.9,72.97,58.78,48.86,47.32,50.35,-0.22%,164
9/9/2016,2127.81,78.43,52.69,69.7,19.52,71.51,57.12,47.44,46.16,48.46,-2.45%,7
9/12/2016,2159.04,79.53,53.68,70.39,19.74,72.57,57.85,47.89,46.93,49.32,1.47%,582
9/13/2016,2127.02,78.4,53.02,68.38,19.39,71.6,57,47,46.59,48.64,-1.48%,25
9/14/2016,2125.77,78.41,52.86,67.57,19.34,71.6,56.95,46.89,46.81,48.83,-0.06%,256
9/15/2016,2147.26,78.98,53.29,68.41,19.46,72.34,57.4,47.19,47.58,49.2,1.01%,550
9/16/2016,2139.16,78.51,52.79,67.45,19.18,72.11,56.61,46.76,47.21,49.26,-0.38%,112
9/19/2016,2139.12,78.45,52.68,67.41,19.31,71.85,56.86,46.83,47.12,49.75,0.00%,287
9/20/2016,2139.76,78.51,52.82,66.92,19.32,72.07,56.91,46.69,47.09,49.66,0.03%,302
9/21/2016,2163.12,79.27,53.11,68.47,19.44,72.79,57.65,47.4,47.62,50.67,1.09%,558
9/22/2016,2177.18,79.85,53.58,68.55,19.48,73.34,58.06,47.55,47.91,50.98,0.65%,509
9/23/2016,2164.69,79.67,53.34,67.64,19.38,73.11,57.72,47.31,47.49,50.94,-0.57%,92
9/26/2016,2146.1,78.79,52.89,67.34,19.07,72.26,57.47,47.09,47.21,50.81,-0.86%,58
9/27/2016,2159.93,79.59,53.11,66.89,19.22,72.77,57.87,47.23,47.73,50.15,0.64%,507
9/28/2016,2171.37,79.81,53.2,69.78,19.31,72.66,58.32,47.77,47.82,50.08,0.53%,486
9/29/2016,2151.13,79.4,52.68,69.66,19.04,71.38,57.86,47.4,47.53,49.33,-0.93%,54
9/30/2016,2168.27,80.04,53.21,70.61,19.3,72.11,58.38,47.75,47.78,48.99,0.80%,529
10/3/2016,2161.2,79.99,52.87,70.56,19.21,72.05,58.43,47.69,47.64,48.3,-0.33%,125
10/4/2016,2150.49,79.71,52.42,69.84,19.29,71.91,57.94,47.04,47.47,47.29,-0.50%,101
10/5/2016,2159.73,80.04,52.37,70.91,19.6,72.19,58.31,47.36,47.64,47.19,0.43%,456
10/6/2016,2160.77,80.1,52.47,71.02,19.63,71.92,58.31,47.75,47.75,47.18,0.05%,316
10/7/2016,2153.74,79.74,52.33,70.61,19.62,71.87,57.56,46.86,47.62,47.12,-0.33%,125
10/10/2016,2163.66,79.87,52.33,71.72,19.72,72.2,57.62,47.14,47.95,47.51,0.46%,466
10/11/2016,2136.73,78.9,52.06,70.9,19.54,70.39,57.02,46.5,47.41,46.97,-1.24%,34
10/12/2016,2139.18,79.27,52.35,70.6,19.52,70.06,57.13,46.41,47.49,47.43,0.11%,349
10/13/2016,2132.55,78.98,52.36,70.21,19.33,70.09,57.11,46.17,47.19,48.02,-0.31%,131
10/14/2016,2132.98,78.89,52.37,69.8,19.42,69.62,57.23,46.32,47.37,47.75,0.02%,296
10/17/2016,2126.5,78.24,52.12,69.46,19.33,69.39,57.08,46.36,47.27,48.01,-0.30%,134
10/18/2016,2139.6,78.76,52.28,69.74,19.49,70.22,57.2,46.78,47.53,48.42,0.62%,505
10/19/2016,2144.29,79.11,51.98,70.73,19.66,69.96,57.38,47.12,47.62,48.31,0.22%,403
10/20/2016,2141.34,78.96,51.95,70.65,19.66,70.29,57.07,47.08,47.4,48.28,-0.14%,202
10/21/2016,2141.16,79.59,52.23,70.19,19.65,69.71,56.99,47.06,47.53,48,-0.01%,281
10/24/2016,2151.33,80.16,52.57,69.98,19.71,69.58,57.1,47.17,47.99,48.18,0.47%,471
10/25/2016,2143.16,79.22,52.76,69.66,19.69,69.38,56.95,46.74,47.82,48.48,-0.38%,112
10/26/2016,2139.43,78.88,52.69,69.82,19.81,68.96,57.15,46.67,47.55,48.6,-0.17%,190
10/27/2016,2133.04,78.22,52.45,69.56,19.86,69.28,56.76,46.61,47.49,48.31,-0.30%,134
10/28/2016,2126.41,78.04,52.67,69.37,19.77,67.78,57.1,46.73,47.44,48.46,-0.31%,131
10/31/2016,2126.15,78.1,52.8,68.62,19.74,67.36,57.21,46.75,47.42,49.43,-0.01%,281
11/1/2016,2111.72,77.55,52.57,68.63,19.66,67,56.72,46.48,47.01,48.53,-0.68%,76
11/2/2016,2097.94,77.08,52.44,67.87,19.53,66.65,56.51,46.23,46.71,47.92,-0.65%,81
11/3/2016,2088.66,76.88,52.08,68.14,19.55,66.02,56.42,46.24,46.26,48.1,-0.44%,108
11/4/2016,2085.18,76.73,51.61,67.77,19.49,66.48,56.47,46.4,46.18,47.95,-0.17%,190
11/7/2016,2131.52,78.5,52.48,69.23,19.98,68.18,57.86,47.11,47.18,48.79,2.22%,600
11/8/2016,2139.56,78.82,52.7,69.32,19.99,68.37,58.21,47.26,47.41,49.17,0.38%,446
11/9/2016,2163.26,78.98,51.98,70.45,20.84,70.78,59.67,48.26,47.35,47.36,1.11%,560
11/10/2016,2167.48,79.27,50.59,70.75,21.61,71.56,60.94,48.82,46.59,46.22,0.20%,394
11/11/2016,2164.45,79.72,50.54,69.46,21.67,70.49,61.05,48.15,46.73,46.03,-0.14%,202
11/14/2016,2164.2,79.73,50.45,69.85,22.2,70.27,61.31,48.26,46.02,46,-0.01%,281
11/15/2016,2180.39,80.04,50.76,71.82,22.18,70.47,61.54,48.46,46.67,46.74,0.75%,522
11/16/2016,2176.94,80.48,50.77,71.32,21.86,70.17,61.19,48.37,47.1,46.42,-0.16%,195
11/17/2016,2187.12,81.45,50.68,70.84,22.16,70.45,61.32,48.39,47.4,46.43,0.47%,471
11/18/2016,2181.9,81.2,50.5,71.13,22.16,69.7,61.3,48.32,47.36,46.29,-0.24%,157
11/21/2016,2198.18,81.73,50.84,72.82,22.24,69.95,61.63,48.89,47.84,46.78,0.75%,522
11/22/2016,2202.94,82.7,51.1,72.78,22.25,68.94,61.91,49.19,47.99,46.96,0.22%,403
11/23/2016,2204.72,82.78,50.82,73.08,22.38,69.21,62.37,49.41,47.8,46.49,0.08%,335
11/25/2016,2213.35,82.98,51.22,72.72,22.41,69.48,62.71,49.56,48,47.16,0.39%,448
11/28/2016,2201.72,82.32,51.33,71.71,22.15,68.96,62.28,49.36,48.04,48.07,-0.53%,95
11/29/2016,2204.66,82.54,51.4,70.83,22.21,69.41,62.33,49.41,48.07,48.27,0.13%,361
11/30/2016,2198.81,81.85,50.58,74.43,22.51,68.75,62.41,49.94,47.5,46.75,-0.27%,149
12/1/2016,2191.08,81.89,50.25,74.61,22.9,68.25,62.82,49.96,46.52,46.38,-0.35%,119
12/2/2016,2191.95,81.44,50.57,74.83,22.65,68.41,62.81,49.98,46.69,46.8,0.04%,311
12/5/2016,2204.71,82.33,50.63,75.49,22.92,68.29,62.76,50.37,47.14,46.86,0.58%,496
12/6/2016,2212.23,82.52,50.78,75.35,23.12,68.48,62.88,50.43,47.28,46.77,0.34%,435
12/7/2016,2241.35,84.12,51.51,75.95,23.48,67.89,64.05,51.15,48.18,47.38,1.32%,572
12/8/2016,2246.19,84.12,51.3,76.36,23.7,68.02,63.69,51.49,48.3,47.46,0.22%,403
12/9/2016,2259.53,84.31,52.04,76.6,23.75,68.85,63.98,51.5,48.65,47.96,0.59%,499
12/12/2016,2256.96,83.61,52.25,76.96,23.52,69.18,63.75,51.27,48.5,48.46,-0.11%,222
12/13/2016,2271.72,84.36,52.49,77.83,23.58,69.74,63.66,51.19,49.11,48.96,0.65%,509
12/14/2016,2253.28,83.79,51.92,76.27,23.47,69.38,63.02,50.58,48.94,47.95,-0.81%,65
12/15/2016,2262.03,83.59,52.14,76.44,23.67,69.83,63.09,50.91,49.16,48.29,0.39%,448
12/16/2016,2258.07,82.69,52.05,76.51,23.36,69.58,62.58,50.42,48.59,48.41,-0.18%,184
12/19/2016,2262.53,82.91,52.15,76.16,23.37,69.29,62.93,50.32,48.94,48.59,0.20%,394
12/20/2016,2270.76,83.57,52.05,75.99,23.66,69.24,63.29,50.36,49.12,48.65,0.36%,441
12/21/2016,2265.18,83.53,52.04,76.11,23.6,68.85,63.05,50.38,49.02,48.45,-0.25%,156
12/22/2016,2260.96,82.63,51.96,76.42,23.54,68.94,62.93,50.17,48.92,48.62,-0.19%,180
12/23/2016,2263.79,82.45,52.06,76.35,23.58,69.46,62.99,50.27,48.97,48.61,0.13%,361
12/27/2016,2268.88,82.77,52.05,76.52,23.61,69.6,63.12,50.54,49.17,48.65,0.22%,403
12/28/2016,2249.92,82.2,51.73,75.69,23.37,69.07,62.46,50.03,48.73,48.19,-0.84%,62
12/29/2016,2249.26,82.09,51.97,75.54,23.2,69.19,62.44,50.03,48.74,48.84,-0.03%,271
12/30/2016,2238.83,81.4,51.71,75.32,23.25,68.94,62.22,49.7,48.36,48.57,-0.46%,105
1/3/2017,2257.83,81.88,51.9,76.17,23.51,69.84,62.59,49.99,48.79,48.45,0.85%,535
1/4/2017,2270.75,82.97,51.9,76.01,23.7,70.39,62.96,50.72,48.96,48.63,0.57%,493
1/5/2017,2269,82.91,52.07,75.82,23.46,70.75,62.78,50.57,49.04,48.68,-0.08%,245
1/6/2017,2276.98,83.32,52.12,75.89,23.54,70.95,63.14,50.62,49.4,48.83,0.35%,439
1/9/2017,2268.9,83.25,51.7,74.79,23.38,71.25,62.65,50.61,49.39,48.19,-0.35%,119
1/10/2017,2268.9,83.55,51.44,74.11,23.43,71.5,62.91,50.64,49.4,48.04,0.00%,287
1/11/2017,2275.32,83.73,51.54,74.91,23.58,70.78,63.24,51.05,49.63,48.54,0.28%,418
1/12/2017,2270.44,83.65,51.49,74.6,23.38,70.85,62.98,50.95,49.51,48.58,-0.21%,172
1/13/2017,2274.64,83.96,51.52,74.38,23.51,70.92,63.22,50.87,49.66,48.51,0.18%,383
1/17/2017,2267.89,84.1,52.25,74.84,22.95,70.56,62.73,50.64,49.47,49.04,-0.30%,134
1/18/2017,2271.89,83.95,52.43,74.67,23.14,70.47,62.97,50.96,49.6,48.98,0.18%,383
1/19/2017,2263.69,83.69,52.24,74.26,23.04,70.02,63.43,50.64,49.53,48.55,-0.36%,116
1/20/2017,2271.31,83.93,52.58,74.54,23.15,69.84,63.44,51.09,49.8,48.64,0.34%,435
1/23/2017,2265.2,83.99,52.56,73.75,23,69.55,63.09,51.19,49.89,48.39,-0.27%,149
1/24/2017,2280.07,84.68,52.91,74.56,23.29,69.07,63.72,52.51,50.2,48.38,0.66%,512
1/25/2017,2298.37,85.2,52.9,74.95,23.68,69.72,64.39,52.86,50.68,48.38,0.80%,529
1/26/2017,2296.68,85.33,52.67,75.01,23.74,69.18,64.54,53,50.54,48.4,-0.07%,251
1/27/2017,2294.69,85.06,52.38,74.23,23.65,69.75,64.49,52.81,50.74,48.39,-0.09%,237
1/30/2017,2280.9,84.96,52.34,72.87,23.46,69.41,63.94,52.27,50.33,48.43,-0.60%,87
1/31/2017,2278.87,84.83,52.59,72.9,23.31,70.52,63.38,51.96,50.08,49.18,-0.09%,237
2/1/2017,2279.55,84.67,52.18,72.36,23.34,71.13,63.27,52.22,50.46,48.33,0.03%,302
2/2/2017,2280.85,84.6,52.66,72.77,23.25,71.11,63.15,51.99,50.36,48.84,0.06%,322
2/3/2017,2297.42,84.49,53,73.4,23.72,71.42,63.62,52.08,50.69,48.9,0.73%,518
2/6/2017,2292.56,84.24,52.71,72.78,23.61,71.5,63.71,51.94,50.72,48.8,-0.21%,172
2/7/2017,2293.08,84.16,53.14,71.75,23.55,71.57,63.82,51.53,50.92,48.92,0.02%,296
2/8/2017,2294.67,84.68,53.36,71.92,23.39,71.46,63.73,51.65,51.01,49.4,0.07%,332
2/9/2017,2307.87,85.21,53.58,72.73,23.71,71.72,64.22,51.63,51.17,48.98,0.58%,496
2/10/2017,2316.1,85.73,53.62,73.28,23.78,71.86,64.73,52.1,51.32,49.29,0.36%,441
2/13/2017,2328.25,85.83,53.62,73.42,24.05,72.3,65.38,52.53,51.55,49.53,0.52%,481
2/14/2017,2337.58,86.32,53.63,73.66,24.33,72.87,65.41,52.52,51.72,49.17,0.40%,451
2/15/2017,2349.25,86.77,54.12,73.37,24.52,73.66,65.76,52.45,51.89,49.05,0.50%,478
2/16/2017,2347.22,86.33,54.19,72.37,24.46,73.56,65.78,52.45,52.01,49.54,-0.09%,237
2/17/2017,2351.16,86.61,54.46,71.97,24.47,73.66,65.89,52.3,52.19,49.57,0.17%,379
2/21/2017,2365.38,87.11,54.95,72.46,24.59,73.99,66.22,52.47,52.46,50.09,0.60%,500
2/22/2017,2362.82,87.11,54.96,71.36,24.61,73.88,66.04,52.61,52.52,50.3,-0.11%,222
2/23/2017,2363.81,86.52,55.09,71.66,24.61,74.42,65.61,52.32,52.51,50.82,0.04%,311
2/24/2017,2367.34,86.92,55.28,70.99,24.42,74.78,65.89,52.43,52.63,51.59,0.15%,367
2/27/2017,2369.75,87.02,55.03,71.6,24.55,75.14,66.13,52.3,52.6,51.3,0.10%,346
2/28/2017,2363.64,86.37,55.1,71.38,24.54,74.99,65.86,52.25,52.35,51.77,-0.26%,152
3/1/2017,2395.96,87.34,55.36,72.81,25.24,75.74,66.97,53.27,53.09,51.31,1.37%,576
3/2/2017,2381.92,87.13,55.35,72.12,24.85,75.5,66.25,52.7,52.74,51.68,-0.59%,88
3/3/2017,2383.12,87,55.14,71.99,24.97,75.8,66.32,52.66,52.86,51.52,0.05%,316
3/6/2017,2375.31,86.72,54.9,72.15,24.78,75.51,66.16,52.32,52.78,51.42,-0.33%,125
3/7/2017,2368.39,86.44,54.83,71.51,24.71,74.98,65.97,52.03,52.78,51.39,-0.29%,141
3/8/2017,2362.98,86.8,54.71,69.65,24.72,75.28,65.74,52.03,52.84,50.65,-0.23%,161
3/9/2017,2364.87,86.72,54.8,70.11,24.81,75.69,65.44,51.87,52.83,50.54,0.08%,335
3/10/2017,2372.6,86.85,55.05,70.01,24.79,75.98,65.84,52.11,53.11,50.96,0.33%,432
3/13/2017,2373.47,87.08,55.09,70.02,24.85,75.92,65.8,52.26,53.16,51.11,0.04%,311
3/14/2017,2365.45,87.06,54.93,69.23,24.78,75.64,65.18,51.81,53.04,51.06,-0.34%,123
3/15/2017,2385.26,87.52,55.34,70.77,24.74,76.59,65.92,52.64,53.4,51.88,0.84%,534
3/16/2017,2381.38,87.51,55.42,70.27,24.78,75.85,65.62,52.28,53.43,51.31,-0.16%,195
3/17/2017,2378.25,87.36,54.98,69.8,24.45,75.16,65.68,52.34,53.34,51.23,-0.13%,210
3/20/2017,2373.47,87.15,55.08,69.75,24.27,75.04,65.56,52.62,53.37,50.9,-0.20%,176
3/21/2017,2344.02,86.05,55.04,69.21,23.57,74.46,64.56,51.75,52.61,51.61,-1.24%,34
3/22/2017,2348.45,86.15,54.93,69.11,23.52,74.48,64.79,51.9,52.94,51.86,0.19%,387
3/23/2017,2345.96,86.35,54.81,68.83,23.57,74.25,64.7,52.12,52.8,51.7,-0.11%,222
3/24/2017,2343.98,86.56,54.7,68.56,23.54,74.29,64.53,51.66,52.84,51.89,-0.08%,245
3/27/2017,2341.59,86.53,54.65,68.24,23.45,74.49,64.3,51.77,52.84,51.69,-0.10%,229
3/28/2017,2358.57,87.19,54.75,69.21,23.77,74.54,64.98,52.37,53.22,51.65,0.73%,518
3/29/2017,2361.13,87.71,54.85,70.16,23.62,74.56,64.97,52.41,53.31,51.51,0.11%,349
3/30/2017,2368.06,87.94,54.74,70.14,23.93,74.57,65.33,52.42,53.41,51.11,0.29%,422
3/31/2017,2362.72,87.95,54.58,69.9,23.73,74.36,65.06,52.41,53.31,51.31,-0.23%,161
4/3/2017,2358.84,87.6,54.49,69.78,23.68,74.42,64.92,52.21,53.26,51.3,-0.16%,195
4/4/2017,2360.16,87.46,54.65,70.29,23.65,74.38,65.09,52.4,53.3,51.46,0.06%,322
4/5/2017,2352.95,87.25,54.55,70.07,23.47,74.15,64.88,52.36,53.08,51.75,-0.31%,131
4/6/2017,2357.49,87.52,54.55,70.63,23.62,74.28,65.06,52.64,53.09,51.62,0.19%,387
4/7/2017,2355.54,87.26,54.7,70.36,23.52,74.41,65.13,52.59,53.06,51.4,-0.08%,245
4/10/2017,2357.16,87.58,54.86,70.89,23.46,74.27,65.29,52.6,52.96,51.49,0.07%,332
4/11/2017,2353.78,87.51,54.88,70.9,23.39,74.17,65.38,52.46,52.76,51.47,-0.14%,202
4/12/2017,2344.93,87.16,55.09,70.6,23.2,74.17,64.48,51.81,52.58,51.85,-0.38%,112
4/13/2017,2328.95,86.55,54.84,69.31,22.9,73.98,64.02,51.31,52.37,51.68,-0.68%,76
4/17/2017,2349.01,87.44,55.23,69.46,23.3,74.25,64.72,51.68,52.85,51.91,0.86%,536
4/18/2017,2342.19,87.45,55.48,68.81,23.08,73.44,64.51,51.62,52.84,52.03,-0.29%,141
4/19/2017,2338.17,87.53,55.27,67.8,23.01,73.66,64.57,51.69,52.8,51.67,-0.17%,190
4/20/2017,2355.84,88.45,55.16,68.13,23.4,74.12,65.35,52.26,53.28,51.47,0.76%,524
4/21/2017,2348.69,88.25,55,67.79,23.16,73.68,65.41,52.2,53.17,51.73,-0.30%,134
4/24/2017,2374.15,88.82,55.5,68.19,23.68,74.41,66.34,52.8,53.8,52,1.08%,555
4/25/2017,2388.61,89.52,55.72,68.77,23.89,74.73,66.66,53.65,54.08,51.93,0.61%,502
4/26/2017,2387.45,89.94,55.27,68.54,23.87,75.14,66.67,53.64,54.02,51.77,-0.05%,260
4/27/2017,2388.77,90.42,55.2,67.79,23.76,75.3,66.65,53.52,54.24,51.95,0.06%,322
4/28/2017,2384.2,90.06,55.18,67.84,23.53,75.5,66.34,53.07,54.38,51.7,-0.19%,180
5/1/2017,2388.33,90.18,54.97,67.65,23.68,75.67,66.14,53.1,54.79,51.39,0.17%,379
5/2/2017,2391.17,90.28,54.6,67.31,23.65,75.88,66.46,53.19,54.91,51.45,0.12%,355
5/3/2017,2388.13,89.75,54.65,67.5,23.84,75.51,66.51,52.67,54.81,51.27,-0.13%,210
5/4/2017,2389.52,89.61,55.07,66.26,23.88,76.01,66.58,52.73,54.77,51.45,0.06%,322
5/5/2017,2399.29,90.17,55.22,67.31,23.84,75.97,66.92,53.48,54.97,51.73,0.41%,452
5/8/2017,2399.38,90.34,55.2,67.79,23.82,75.5,66.74,53.05,55.21,51.71,0.00%,287
5/9/2017,2396.92,90.86,55,67.23,23.73,75.59,66.83,52.65,55.28,51.33,-0.10%,229
5/10/2017,2399.63,90.55,55.04,68.12,23.81,75.37,66.69,52.82,55.49,51.41,0.11%,349
5/11/2017,2394.44,90.01,55.12,67.98,23.66,75.41,66.67,52.74,55.42,51.48,-0.22%,164
5/12/2017,2390.9,89.88,54.96,67.75,23.56,75.28,66.3,52.61,55.56,51.73,-0.15%,200
5/15/2017,2402.32,89.9,55.14,68.28,23.74,75.77,66.61,53.07,55.87,51.95,0.48%,475
5/16/2017,2400.67,89.59,55.09,67.94,23.81,75.48,66.54,53.08,56.13,51.57,-0.07%,251
5/17/2017,2357.03,88.14,55.01,67.27,23.06,74.49,65.21,51.96,54.6,51.7,-1.82%,15
5/18/2017,2365.72,88.65,55.05,67.25,23.15,74.82,65.3,51.99,54.92,51.88,0.37%,443
5/19/2017,2381.73,89.25,55.35,68.08,23.35,75.03,66.16,52.44,55.24,52.08,0.68%,514
5/22/2017,2394.02,89.7,55.66,67.93,23.41,75.23,66.67,52.5,55.68,52.53,0.52%,481
5/23/2017,2398.42,89.36,55.72,68.09,23.59,75.48,66.81,52.54,55.78,52.67,0.18%,383
5/24/2017,2404.39,89.68,55.94,67.73,23.58,75.67,66.89,52.89,56.01,52.97,0.25%,414
5/25/2017,2415.07,90.47,56.29,66.5,23.62,76.03,67.33,52.83,56.41,53.4,0.44%,459
5/26/2017,2415.82,90.74,56.5,66.61,23.61,75.89,67.41,52.93,56.38,53.4,0.03%,302
5/30/2017,2412.91,90.81,56.48,65.72,23.45,75.78,67.39,52.92,56.62,53.57,-0.12%,218
5/31/2017,2411.8,91.05,56.64,65.44,23.25,76.08,67.52,53.08,56.53,53.84,-0.05%,260
6/1/2017,2430.06,91.91,57.1,65.85,23.54,76.92,67.94,53.72,56.67,54.22,0.76%,524
6/2/2017,2439.07,92.24,57.27,65.09,23.45,77.42,68.21,53.85,57.19,54.28,0.37%,443
6/5/2017,2436.1,91.99,57.33,65.21,23.49,77.2,67.97,53.68,57.24,54.11,-0.12%,218
6/6/2017,2429.33,91.2,57.19,65.98,23.39,77.01,67.51,53.71,57.13,53.99,-0.28%,147
6/7/2017,2433.14,91.36,57.17,65.05,23.57,77.22,67.43,53.78,57.31,54.17,0.16%,373
6/8/2017,2433.79,90.77,56.74,64.86,23.84,77,67.65,53.94,57.44,53.72,0.03%,302
6/9/2017,2431.77,90.37,56.67,66.42,24.29,77.52,67.91,54.63,56.02,53.67,-0.08%,245
6/12/2017,2429.39,90.32,56.66,66.89,24.34,77.42,68.16,54.42,55.69,53.57,-0.10%,229
6/13/2017,2440.35,90.88,56.75,67.39,24.47,77.58,68.44,55.1,56.09,53.7,0.45%,463
6/14/2017,2437.92,90.83,57.11,66.17,24.51,77.95,68.37,54.52,55.82,53.99,-0.10%,229
6/15/2017,2432.46,90.45,56.98,65.67,24.41,77.87,68.78,54.04,55.57,54.3,-0.22%,164
6/16/2017,2433.15,90.15,55.95,66.3,24.29,77.69,68.68,54.02,55.25,54.11,0.03%,302
6/19/2017,2453.46,90.84,56.22,65.88,24.54,78.5,69.1,54.45,56.07,53.93,0.83%,533
6/20/2017,2437.03,89.7,56,65.04,24.33,78.76,68.36,54.15,55.62,53.96,-0.67%,80
6/21/2017,2435.61,89.84,55.84,63.99,24.13,79.76,67.9,53.58,55.93,53.64,-0.06%,256
6/22/2017,2434.5,89.63,55.47,63.95,23.98,80.59,67.76,53.64,55.95,53.39,-0.05%,260
6/23/2017,2438.3,89.52,55.49,64.38,23.89,80.47,68.01,53.85,56.3,53.21,0.16%,373
6/26/2017,2439.07,89.84,55.71,64.24,24.02,80.39,68.03,54.01,56,53.57,0.03%,302
6/27/2017,2419.38,89.13,55.23,64.14,24.14,79.66,67.52,53.68,55.08,52.97,-0.81%,65
6/28/2017,2440.69,90.03,55.43,64.49,24.52,80.08,68.13,54.17,55.77,52.46,0.88%,539
6/29/2017,2419.7,89.16,54.84,64.63,24.69,79.35,67.55,53.52,54.77,52.04,-0.86%,58
6/30/2017,2423.41,89.63,54.94,64.92,24.67,79.24,68.11,53.81,54.72,51.96,0.15%,367
7/3/2017,2429.01,89.54,54.89,66.17,25.03,79.38,68.53,54.28,54.34,51.72,0.23%,408
7/5/2017,2432.54,89.32,54.85,64.83,25.07,79.85,68.73,54.1,54.88,51.47,0.15%,367
7/6/2017,2409.75,88.41,54.54,64.11,24.88,78.82,68.13,53.86,54.38,51.45,-0.94%,51
7/7/2017,2425.18,89.2,54.51,64.01,25.05,79.22,68.66,54.14,55.01,51.49,0.64%,507
7/10/2017,2427.43,89.39,54.13,64.22,25.02,79.07,68.86,54.48,55.41,51.45,0.09%,343
7/11/2017,2425.53,89.21,53.98,64.57,24.8,78.98,68.8,54.4,55.53,51.42,-0.08%,245
7/12/2017,2443.25,89.89,54.28,64.75,24.88,79.52,69.18,55.03,56.25,51.86,0.73%,518
7/13/2017,2447.83,89.9,54.29,65.01,25.03,79.59,69.13,54.97,56.36,51.68,0.19%,387
7/14/2017,2459.27,90.19,54.72,65.4,24.92,80.13,69.43,55.25,56.86,51.92,0.47%,471
7/17/2017,2459.14,90.41,54.78,65.32,24.84,79.84,69.39,55.36,56.87,52.16,-0.01%,281
7/18/2017,2460.61,90.82,54.78,65.01,24.8,79.9,69.23,55.13,57.13,52.31,0.06%,322
7/19/2017,2473.83,91.26,54.98,65.96,24.81,80.55,69.3,55.66,57.42,52.53,0.54%,489
7/20/2017,2473.45,91.07,54.99,65.76,24.8,81.08,68.91,55.25,57.54,52.91,-0.02%,275
7/21/2017,2472.54,91.13,55.08,65.11,24.8,80.99,68.78,55.26,57.47,53.29,-0.04%,265
7/24/2017,2469.91,90.82,54.9,64.99,24.91,80.96,68.63,55.21,57.61,52.79,-0.11%,222
7/25/2017,2477.13,91.46,55.28,65.81,25.22,80.38,68.54,55.8,57.5,52.49,0.29%,422
7/26/2017,2477.83,91.42,55.27,65.88,25.05,80.11,68.63,55.46,57.72,52.99,0.03%,302
7/27/2017,2475.42,92.09,55.81,66.55,24.91,79.56,68.24,55.26,57.5,53.12,-0.10%,229
7/28/2017,2472.1,91.39,55.34,66.47,24.91,79.96,68.4,55.06,57.44,53.04,-0.13%,210
7/31/2017,2470.3,91.36,55.32,66.62,25.09,79.89,68.31,54.64,57.16,53.22,-0.07%,251
8/1/2017,2476.35,91.52,55.26,66.61,25.27,79.71,68.11,54.68,57.45,53.52,0.24%,412
8/2/2017,2477.57,91.27,55.22,66.36,25.31,79.53,68.41,54.73,57.61,53.75,0.05%,316
8/3/2017,2472.16,91.02,55.17,65.43,25.22,79.66,68.75,54.32,57.48,54.02,-0.22%,164
8/4/2017,2476.83,91.03,55.02,65.64,25.39,79.48,68.88,54.58,57.61,53.78,0.19%,387
8/7/2017,2480.91,91.24,55.43,65.14,25.35,79.65,68.88,54.61,57.96,53.95,0.16%,373
8/8/2017,2474.92,91.29,55.22,64.99,25.28,79.28,68.67,54.18,57.88,54.17,-0.24%,157
8/9/2017,2474.02,90.76,55.31,65.05,25.28,79.37,68.69,54.23,57.85,53.89,-0.04%,265
8/10/2017,2438.21,89.4,55.08,64.36,24.83,78.38,67.82,53.61,56.71,54.06,-1.45%,26
8/11/2017,2441.32,89.86,55.12,63.94,24.73,78.6,67.86,53.48,57.1,53.74,0.13%,361
8/14/2017,2465.84,90.5,55.39,63.75,25.07,79.13,68.57,53.98,58.01,54.05,1.00%,548
8/15/2017,2464.61,89.67,55.67,63.51,25.09,79.13,68.42,53.99,58.1,54.35,-0.05%,260
8/16/2017,2468.11,90.13,55.86,62.9,25.04,79.35,68.61,54.52,58.27,54.57,0.14%,366
8/17/2017,2430.01,88.69,55.35,62.01,24.61,78.36,67.42,53.69,57.13,54.18,-1.54%,21
8/18/2017,2425.55,88.25,55.2,62.32,24.62,78,67.15,53.71,57.07,54.5,-0.18%,184
8/21/2017,2428.37,88.41,55.4,62,24.55,78.35,67.26,53.76,57.05,54.7,0.12%,355
8/22/2017,2452.51,89.36,55.41,62.41,24.82,79.3,68.03,54.46,57.9,54.82,0.99%,546
8/23/2017,2444.04,88.6,55.25,62.68,24.74,78.7,67.39,54.36,57.76,55,-0.35%,119
8/24/2017,2438.97,88.41,54.49,62.72,24.74,78.93,67.18,54.26,57.71,54.96,-0.21%,172
8/25/2017,2443.05,88.63,54.67,63,24.81,78.95,67.5,54.43,57.7,55.14,0.17%,379
8/28/2017,2444.24,88.68,54.51,62.72,24.65,79.37,67.46,54.51,57.81,55.24,0.05%,316
8/29/2017,2446.3,88.6,54.7,62.64,24.57,79.52,67.95,54.25,58.06,55.12,0.08%,335
8/30/2017,2457.59,89.24,54.69,62.67,24.67,79.93,68.23,54.65,58.48,54.96,0.46%,466
8/31/2017,2471.65,89.66,54.71,62.97,24.7,81.29,68.46,55.07,58.83,54.97,0.57%,493
9/1/2017,2476.55,90.07,54.97,63.58,24.77,81.23,68.52,55.43,58.78,54.8,0.20%,394
9/5/2017,2457.85,89.7,55.05,63.93,24.24,80.88,67.83,54.8,58.26,54.94,-0.76%,71
9/6/2017,2465.54,90.26,55.28,64.97,24.3,81.27,67.9,54.94,58.31,54.69,0.31%,426
9/7/2017,2465.1,89.48,55.36,65.09,23.88,82.17,68.04,55.03,58.51,55.1,-0.02%,275
9/8/2017,2461.43,89.17,55.09,64.4,24.1,82.54,68.27,55.01,58.03,55.36,-0.15%,200
9/11/2017,2488.11,89.64,55.43,65.01,24.52,83.18,68.86,55.73,58.85,55.83,1.08%,555
9/12/2017,2496.48,90.04,55.55,65.41,24.81,83.36,69.19,56.2,58.99,54.9,0.34%,435
9/13/2017,2498.37,90.69,55.58,66.23,24.85,83.05,69.09,56.18,58.91,54.63,0.08%,335
9/14/2017,2495.62,90.2,55.47,66.55,24.8,83.16,69.42,56.37,58.71,55.09,-0.11%,222
9/15/2017,2500.23,89.63,55.22,65.84,24.77,82.59,69.39,56.07,58.74,54.75,0.18%,383
9/18/2017,2503.87,89.32,55.3,66.12,25.06,82.57,69.78,56.38,58.79,54.19,0.15%,367
9/19/2017,2506.65,89.24,55.13,66.39,25.25,81.92,69.85,56.67,59.05,54.08,0.11%,349
9/20/2017,2508.24,89.54,54.6,66.84,25.4,82,70.36,56.87,58.81,53.68,0.06%,322
9/21/2017,2500.6,89.39,54.08,66.86,25.46,81.58,70.57,56.75,58.49,53.67,-0.30%,134
9/22/2017,2502.22,89.54,53.92,67.2,25.43,81.58,70.75,56.55,58.52,53.23,0.06%,322
9/25/2017,2496.66,89.35,54.31,68.17,25.4,81.34,70.75,56.65,57.83,53.72,-0.22%,164
9/26/2017,2496.84,89.36,54.44,68.14,25.39,81.21,70.75,56.4,58.04,53.62,0.01%,294
9/27/2017,2507.04,89.85,54.02,68.43,25.7,81.18,70.83,56.4,58.63,52.9,0.41%,452
9/28/2017,2510.06,89.74,54.02,68.49,25.74,81.25,70.79,56.8,58.7,53.09,0.12%,355
9/29/2017,2519.36,90.08,53.98,68.48,25.86,81.73,71,56.8,59.1,53.05,0.37%,443
