Date,SP500_Close,XLY_Close,XLP_Close,XLE_Close,XLF_Close,XLV_Close,XLI_Close,XLB_Close,XLK_Close,XLU_Close,SP_change,SP_percent
3/3/2014,1845.73,66.21,42.12,87.09,17.48,59,51.71,46.97,35.96,40.05,,
3/4/2014,1873.91,67.04,42.69,88.04,17.84,60.12,52.46,47.71,36.43,40.34,2%,498
3/5/2014,1873.81,67.32,42.55,87.22,18.03,59.97,52.53,47.82,36.48,40.07,0%,247
3/6/2014,1877.03,67.49,42.54,87.85,18.08,59.6,52.83,48,36.53,39.87,0%,307
3/7/2014,1878.04,67.39,42.66,88.02,18.17,59.45,53,47.79,36.42,39.99,0%,267
3/10/2014,1877.17,67.21,42.7,88.16,18.17,59.7,52.77,47.75,36.36,39.89,0%,225
3/11/2014,1867.63,66.82,42.68,87.16,18.05,59.58,52.39,47.26,36.28,39.78,-1%,116
3/12/2014,1868.2,66.72,42.77,87.17,18.02,59.57,52.29,47.24,36.34,40.28,0%,260
3/13/2014,1846.34,65.91,42.56,86.3,17.82,58.76,51.55,46.9,35.85,40.7,-1%,48
3/14/2014,1841.13,65.85,42.58,86.38,17.7,58.44,51.35,46.9,35.63,40.89,0%,157
3/17/2014,1858.83,66.29,42.83,86.84,17.89,59.01,51.98,47.28,36.05,41.16,1%,452
3/18/2014,1872.25,66.58,42.92,87.57,17.98,59.64,52.26,47.55,36.52,41.1,1%,430
3/19/2014,1860.77,66.14,42.59,86.91,17.97,59.46,51.72,47.13,36.37,40.45,-1%,104
3/20/2014,1872.01,66.31,42.74,87.25,18.25,59.46,51.87,47.76,36.65,40.54,1%,413
3/21/2014,1866.4,65.68,42.5,87.06,18.19,58.18,51.65,47.37,36.31,40.51,0%,150
3/24/2014,1857.44,65.02,42.46,86.88,18.18,57.53,51.48,47,36.28,40.62,0%,121
3/25/2014,1865.62,64.63,42.77,87.66,18.17,58.04,51.95,47.26,36.5,40.79,0%,372
3/26/2014,1852.56,64.11,42.67,87.25,17.98,58.06,51.42,46.58,36.06,40.62,-1%,90
3/27/2014,1849.04,63.8,42.64,87.96,17.88,57.93,51.35,46.45,35.93,40.95,0%,180
3/28/2014,1857.62,64.28,42.75,89.06,17.95,57.71,51.73,46.77,36.07,41.01,0%,383
3/31/2014,1872.34,64.72,43.06,89.06,18.14,58.49,52.33,47.28,36.35,41.46,1%,437
4/1/2014,1885.52,65.62,42.99,89.59,18.17,58.86,52.7,47.54,36.78,41.17,1%,427
4/2/2014,1890.9,66.06,43.04,89.91,18.21,59.12,53.07,47.89,36.8,41.11,0%,339
4/3/2014,1888.77,65.74,43.09,90.49,18.18,58.99,53.15,47.95,36.62,41.24,0%,207
4/4/2014,1865.09,64.65,42.95,90.16,18,58.01,52.54,47.34,35.92,41.46,-1%,42
4/7/2014,1845.04,63.39,42.99,88.65,17.73,57.43,51.79,46.65,35.64,41.39,-1%,57
4/8/2014,1851.96,64.03,43.21,89.54,17.75,56.96,51.79,46.83,35.96,41.98,0%,356
4/9/2014,1872.18,64.72,43.4,89.95,17.91,58.18,52.45,47.54,36.44,41.89,1%,464
4/10/2014,1833.08,63.11,42.97,88.7,17.49,56.24,51.41,46.59,35.6,41.73,-2%,9
4/11/2014,1815.69,62.24,42.75,88.45,17.28,55.71,50.9,46.03,35.2,41.69,-1%,65
4/14/2014,1830.61,62.73,43.09,89.66,17.42,56.02,51.19,46.4,35.55,41.94,1%,441
4/15/2014,1842.98,62.81,43.2,90.86,17.58,56.62,51.55,46.68,35.73,42.52,1%,425
4/16/2014,1862.31,63.69,43.62,91.95,17.72,56.9,52.34,47.37,36.08,42.83,1%,458
4/17/2014,1864.85,63.77,43.63,92.79,17.75,56.89,52.75,47.52,36.03,42.3,0%,296
4/21/2014,1871.89,63.94,43.65,93.42,17.74,57.57,52.9,47.53,36.17,42.25,0%,359
4/22/2014,1879.55,64.49,43.63,93.27,17.86,58.2,52.93,47.7,36.32,42.31,0%,367
4/23/2014,1875.39,64.19,43.56,93.76,17.9,57.91,53.13,47.71,35.93,42.33,0%,172
4/24/2014,1878.61,64.54,43.73,93.79,17.89,57.82,53.03,47.5,36.21,42.62,0%,306
4/25/2014,1863.4,63.44,43.79,93.23,17.74,57.39,52.51,47.16,35.75,43.11,-1%,79
4/28/2014,1869.43,63.28,44.29,93.39,17.64,57.73,52.54,46.96,36.09,43.32,0%,348
4/29/2014,1878.33,63.57,44.1,93.82,17.81,58.07,52.68,47.29,36.34,43.14,0%,387
4/30/2014,1883.95,63.84,44.24,93.74,17.83,58.12,53.03,47.67,36.45,43.21,0%,343
5/1/2014,1883.68,64.09,44.2,93.53,17.87,58.25,52.9,47.37,36.49,43.39,0%,241
5/2/2014,1881.14,64.25,44.2,93.72,17.86,57.75,52.82,47.55,36.39,42.5,0%,197
5/5/2014,1884.66,64.31,44.1,94.16,17.78,58.13,52.93,47.81,36.58,42.88,0%,313
5/6/2014,1867.72,63.39,43.82,94.3,17.53,57.62,52.53,47.57,36.17,42.67,-1%,69
5/7/2014,1878.21,63.31,44.24,95.12,17.77,57.78,52.98,47.94,36.19,43.36,1%,409
5/8/2014,1875.63,63.49,44.3,93.76,17.82,57.47,52.97,47.75,36.29,42.89,0%,196
5/9/2014,1878.48,63.84,44.51,93.67,17.81,57.82,53.01,47.75,36.33,42.26,0%,299
5/12/2014,1896.65,64.64,44.55,94.33,17.99,58.41,53.8,48.36,36.82,41.87,1%,454
5/13/2014,1897.45,64.46,44.64,94.68,17.97,58.5,53.89,48.4,36.84,41.97,0%,263
5/14/2014,1888.53,63.74,44.4,94.72,17.84,58.54,53.49,48.41,36.67,42.18,0%,123
5/15/2014,1870.85,63.28,44.01,93.64,17.64,57.95,53.02,47.73,36.45,42.01,-1%,67
5/16/2014,1877.86,63.75,44.28,93.4,17.66,58.15,53.09,47.9,36.68,42.14,0%,355
5/19/2014,1885.08,64.04,44.19,93.69,17.75,58.51,53.3,48.1,36.92,41.49,0%,363
5/20/2014,1872.83,63.46,44.03,93.42,17.65,58.14,52.59,47.84,36.71,41.49,-1%,96
5/21/2014,1888.03,64.23,44.28,94.43,17.76,58.63,53.11,48.06,36.96,41.52,1%,440
5/22/2014,1892.49,64.57,44.21,94.34,17.84,58.98,53.21,48.17,37.03,41.86,0%,328
5/23/2014,1900.53,65.08,44.28,94.15,17.9,59.01,53.55,48.58,37.34,41.76,0%,370
5/27/2014,1911.91,65.42,44.4,94.41,18.05,59.33,53.83,48.58,37.66,42.09,1%,412
5/28/2014,1909.78,65.35,44.34,94.57,18.02,59.16,53.87,48.6,37.56,42.34,0%,209
5/29/2014,1920.03,65.62,44.69,95.38,18.06,59.63,54.09,49.09,37.78,42.46,1%,405
5/30/2014,1923.57,65.68,45.04,95.31,18.1,59.79,54.05,49.08,37.82,42.74,0%,312
6/2/2014,1924.97,65.9,44.93,95.19,18.15,59.87,54.28,49.28,37.76,42.73,0%,275
6/3/2014,1924.24,65.78,44.77,95.52,18.17,59.98,54.22,49.17,37.7,42.89,0%,229
6/4/2014,1927.88,66.1,44.93,95.47,18.22,60.15,54.21,49.25,37.77,42.87,0%,314
6/5/2014,1940.46,66.53,45.11,96.02,18.39,60.22,54.76,49.48,38.02,43.23,1%,420
6/6/2014,1949.44,66.92,45.23,96.81,18.51,60.16,55.31,49.72,38.19,43.08,0%,382
6/9/2014,1951.27,66.94,45.16,96.96,18.6,59.85,55.59,49.59,38.31,42.79,0%,284
6/10/2014,1950.79,66.81,45.16,96.8,18.59,60.05,55.46,49.66,38.33,42.69,0%,238
6/11/2014,1943.89,66.61,45.04,97.17,18.47,59.98,55.05,49.38,38.24,42.15,0%,144
6/12/2014,1930.11,65.76,44.72,97.49,18.35,59.68,54.31,48.96,37.91,42.28,-1%,88
6/13/2014,1936.16,65.79,44.71,98.42,18.36,59.63,54.5,49.15,38.13,42.55,0%,347
6/16/2014,1937.78,65.94,44.88,99.01,18.27,59.75,54.44,49.04,38.13,42.84,0%,279
6/17/2014,1941.99,66.2,44.88,98.94,18.46,59.72,54.59,49.14,38.22,42.78,0%,322
6/18/2014,1956.98,66.7,45.41,99.69,18.56,60.2,54.9,49.67,38.42,43.75,1%,433
6/19/2014,1959.48,66.54,45.67,100.4,18.54,60.4,55.04,49.57,38.35,44.11,0%,294
6/20/2014,1962.87,66.08,45.22,100.93,18.54,60.68,55.02,49.64,38.09,43.47,0%,308
6/23/2014,1962.61,66.16,44.97,101.29,18.58,60.45,54.7,49.71,38.2,43.32,0%,243
6/24/2014,1949.98,66,44.81,99.16,18.46,60.49,54.15,49.24,38,43.45,-1%,99
6/25/2014,1959.53,66.56,44.74,99.91,18.47,61.15,54.2,49.63,38.15,43.61,0%,391
6/26/2014,1957.22,66.61,44.58,100.02,18.41,61.23,54.16,49.62,38.11,43.74,0%,203
6/27/2014,1960.96,66.77,44.66,100.02,18.48,61.07,54.29,49.47,38.34,43.91,0%,315
6/30/2014,1960.23,66.74,44.62,100.1,18.47,60.83,54.06,49.64,38.35,44.26,0%,231
7/1/2014,1973.32,67.45,44.72,100.16,18.58,61.6,54.39,49.76,38.74,43.82,1%,423
7/2/2014,1974.62,67.55,44.84,100.01,18.56,62.07,54.3,49.82,38.78,42.97,0%,272
7/3/2014,1985.44,68.07,45.09,100.39,18.71,62.32,54.75,50.14,38.95,42.5,1%,406
7/7/2014,1977.65,67.65,45.16,99.62,18.63,61.85,54.36,49.72,38.99,42.7,0%,139
7/8/2014,1963.71,66.99,45.07,99.46,18.47,61.27,53.99,49.59,38.64,42.99,-1%,89
7/9/2014,1972.83,67.8,45.27,100.12,18.51,61.53,54.08,49.76,38.83,42.87,0%,384
7/10/2014,1964.68,67.17,45.2,99.16,18.39,61.49,53.76,49.54,38.72,43.16,0%,136
7/11/2014,1967.57,67.39,45.26,98.4,18.43,61.62,54.07,49.63,38.92,42.83,0%,297
7/14/2014,1977.1,67.58,45.42,99.25,18.54,61.82,54.38,49.6,39.2,42.34,0%,389
7/15/2014,1973.28,67.35,45.02,98.82,18.67,61.29,54.41,49.5,39.13,42.56,0%,177
7/16/2014,1981.57,67.52,45.03,100.32,18.64,61.09,54.64,49.84,39.49,42.7,0%,369
7/17/2014,1958.12,66.88,44.75,98.7,18.39,60.42,53.79,49.63,38.98,42.31,-1%,47
7/18/2014,1978.22,67.5,45.2,98.99,18.6,61.41,54.24,49.94,39.45,42.74,1%,456
7/21/2014,1973.63,67.19,44.99,99.14,18.56,61.16,54.21,49.8,39.4,42.7,0%,168
7/22/2014,1983.53,67.47,44.91,99.85,18.61,61.69,54.41,49.87,39.73,42.61,1%,394
7/23/2014,1987.01,67.42,44.85,100.49,18.65,62.19,54.19,50.08,39.8,42.65,0%,311
7/24/2014,1987.98,67.57,44.97,100.58,18.69,62.06,53.93,50.02,39.77,42.78,0%,264
7/25/2014,1978.34,66.82,44.79,99.84,18.59,61.83,53.79,50.11,39.72,42.44,0%,119
7/28/2014,1978.91,66.95,44.56,99.6,18.6,61.89,53.52,50.24,39.79,43.03,0%,259
7/29/2014,1969.95,66.76,44.36,99.35,18.5,61.94,52.85,49.88,39.71,42.63,0%,129
7/30/2014,1970.07,67.13,43.89,98.76,18.58,62.19,52.9,49.62,39.75,41.91,0%,254
7/31/2014,1930.67,65.89,43.14,96.63,18.2,60.91,51.83,48.65,39,41.25,-2%,12
8/1/2014,1925.15,65.65,43.47,95.85,18.04,60.96,51.78,48.69,38.79,41.41,0%,155
8/4/2014,1938.99,66.29,43.61,97.46,18.19,61.22,51.96,49.27,39.07,41.19,1%,429
8/5/2014,1920.21,65.83,43.42,95.33,18,60.63,51.65,48.76,38.7,40.69,-1%,63
8/6/2014,1920.24,65.69,43.79,95.61,18.08,60.6,51.39,49.12,38.58,40.17,0%,251
8/7/2014,1909.57,65.35,43.43,95.01,18,59.82,51.44,48.69,38.42,40.63,-1%,112
8/8/2014,1931.59,66.36,43.87,96.6,18.17,60.53,52.17,49.2,38.67,41.44,1%,470
8/11/2014,1936.92,66.66,44.18,96.61,18.19,60.5,52.38,49.15,38.86,41.29,0%,336
8/12/2014,1933.75,66.49,44.15,95.9,18.23,60.45,52.26,49.31,38.84,41.26,0%,185
8/13/2014,1946.72,66.73,44.28,96.21,18.31,61.18,52.77,49.58,39.22,41.45,1%,424
8/14/2014,1955.18,67.25,44.46,95.66,18.43,61.9,53,49.58,39.29,41.81,0%,371
8/15/2014,1955.06,67.12,44.52,96.37,18.34,61.96,52.89,49.73,39.29,41.97,0%,246
8/18/2014,1971.74,67.74,44.78,96.63,18.54,62.44,53.69,50.22,39.66,41.86,1%,442
8/19/2014,1981.6,68.25,44.9,97.37,18.57,62.85,53.82,50.37,39.91,42.39,1%,393
8/20/2014,1986.51,68.57,44.87,97.58,18.62,62.84,54.39,50.44,39.91,42.48,0%,330
8/21/2014,1992.37,68.51,44.95,97.66,18.84,62.93,54.34,50.37,40.1,42.58,0%,342
8/22/2014,1988.4,68.64,44.84,97.01,18.77,62.99,54.15,50.17,40.11,42.45,0%,176
8/25/2014,1997.92,68.84,45.09,97.87,18.94,63.47,54.36,50.36,40.15,42.74,0%,388
8/26/2014,2000.02,68.85,45.06,98.37,18.98,63.7,54.18,50.41,40.17,42.23,0%,287
8/27/2014,2000.12,68.92,45.08,98.17,18.94,63.65,54.15,50.41,40.16,42.69,0%,253
8/28/2014,1996.74,68.83,45.1,98.19,18.88,63.63,54.07,50.45,40.1,43,0%,184
8/29/2014,2003.37,68.82,45.13,98.74,18.97,63.86,54.02,50.53,40.28,43.28,0%,351
9/2/2014,2002.28,68.95,45.15,97.49,19.04,63.83,54.2,50.36,40.29,42.89,0%,222
9/3/2014,2000.72,68.77,45.18,97.75,19.01,64.12,54.13,50.44,40.07,43.1,0%,214
9/4/2014,1997.65,69.03,45.32,96.43,19.03,63.8,54.15,50.44,40.05,43.08,0%,188
9/5/2014,2007.71,69.26,45.58,97.08,19.05,64.17,54.33,50.66,40.29,43.62,1%,395
9/8/2014,2001.54,68.97,45.24,95.57,19.06,64.18,54.28,50.46,40.35,43.36,0%,149
9/9/2014,1988.44,68.28,45.13,95.15,18.86,64.01,54.11,50.05,40.06,42.86,-1%,95
9/10/2014,1995.69,68.52,45.35,94.92,18.96,64.46,54.15,50.05,40.3,42.67,0%,354
9/11/2014,1997.45,68.55,45.37,94.98,19.01,64.28,54.17,49.98,40.39,43.03,0%,282
9/12/2014,1985.54,68.35,45.05,93.56,18.99,63.81,53.99,49.75,40.22,42.26,-1%,106
9/15/2014,1984.13,68.07,45.27,94.22,18.99,63.64,53.97,49.82,39.98,42.39,0%,218
9/16/2014,1998.98,68.42,45.61,95.36,19.07,64.51,54.27,50.05,40.28,42.93,1%,432
9/17/2014,2001.57,68.39,45.51,94.84,19.15,64.56,54.48,50.35,40.36,42.85,0%,295
9/18/2014,2011.36,68.69,45.6,94.35,19.33,65.04,54.74,50.69,40.6,42.54,0%,390
9/19/2014,2010.4,68.49,45.43,93.79,19.21,64.88,54.43,50.44,40.34,42.54,0%,223
9/22/2014,1994.29,67.53,45.35,92.41,19.08,64.53,53.82,50.42,40.07,42.22,-1%,81
9/23/2014,1982.77,66.95,44.95,92.14,18.95,64.15,53.38,50.16,39.98,42.1,-1%,109
9/24/2014,1998.3,67.71,45.53,92.22,19.05,65.27,53.66,50.68,40.24,41.95,1%,436
9/25/2014,1965.99,66.72,44.93,90.81,18.73,64.2,52.82,49.91,39.36,41.7,-2%,23
9/26/2014,1982.85,67.41,45.1,91.98,18.91,64.4,53.31,50.4,39.79,41.76,1%,443
9/29/2014,1977.8,67.06,45.09,91.77,18.85,64.26,53.23,50.19,39.78,42.03,0%,164
9/30/2014,1972.29,66.69,45.11,90.62,18.82,63.91,53.15,49.59,39.9,42.09,0%,158
10/1/2014,1946.16,65.8,44.83,88.77,18.59,63.24,52.15,48.42,39.28,42.33,-1%,39
10/2/2014,1946.17,66.1,44.91,88.31,18.64,63.11,52.09,48.3,39.26,42.27,0%,250
10/3/2014,1967.9,66.95,45.44,88.17,18.9,64.41,52.8,48.44,39.58,42.54,1%,468
10/6/2014,1964.82,66.59,45.46,88.27,18.85,64.11,52.64,48.43,39.59,42.54,0%,187
10/7/2014,1935.1,65.6,45.19,87.12,18.53,63.09,51.36,47.58,38.97,42.48,-2%,28
10/8/2014,1968.89,66.63,45.85,87.97,18.88,64.7,52.28,48.2,39.71,43.44,2%,506
10/9/2014,1928.21,65.12,45.39,84.74,18.48,63.36,51.07,47.02,39.05,42.73,-2%,11
10/10/2014,1906.13,64.55,45.61,83.55,18.34,62.97,50.32,46.3,38.05,42.93,-1%,50
10/13/2014,1874.74,63.24,44.98,80.97,18.17,61.48,49.54,45.11,37.63,42.89,-2%,20
10/14/2014,1877.7,63.7,44.96,79.95,18.25,61.02,50.23,45.25,37.69,43.28,0%,302
10/15/2014,1862.49,63.17,44.42,80.56,17.9,60.52,50.11,45.56,37.43,42.71,-1%,78
10/16/2014,1862.76,63.24,44.09,82,17.9,60.21,50.48,46.01,37.21,42.75,0%,255
10/17/2014,1886.76,63.94,44.63,82.7,18.12,61.17,51.48,46.62,37.65,43,1%,486
10/20/2014,1904.01,64.83,45.27,83.42,18.23,61.91,51.63,47.33,37.92,43.6,1%,448
10/21/2014,1941.28,66.09,45.46,85.96,18.57,63.55,52.78,48.35,38.66,43.75,2%,512
10/22/2014,1927.11,65.52,45.56,84.33,18.4,63.23,52.09,47.96,38.48,44.02,-1%,85
10/23/2014,1950.82,66.41,45.53,85.9,18.58,64.31,53.24,47.92,38.91,44.1,1%,479
10/24/2014,1964.58,66.35,45.91,85.6,18.76,65.21,53.71,48.28,39.25,44.53,1%,428
10/27/2014,1961.63,66.48,46.02,83.8,18.78,65.28,53.69,47.27,39.29,44.43,0%,189
10/28/2014,1985.05,67.2,46.2,85.71,18.99,65.76,54.64,47.74,39.83,44.74,1%,475
10/29/2014,1982.3,67,46.12,85.99,19.03,65.79,54.45,47.15,39.79,44.48,0%,195
10/30/2014,1994.65,67.44,46.41,85.68,19.14,67,54.67,47.51,39.92,45.46,1%,418
10/31/2014,2018.05,68.1,46.71,87.42,19.36,67.27,55.21,48.4,40.54,45.47,1%,472
11/3/2014,2017.81,68.1,46.89,86.04,19.43,67.35,55.14,48.06,40.71,45.77,0%,245
11/4/2014,2012.1,67.28,47.14,84.27,19.44,67.36,55.11,47.56,40.7,45.53,0%,156
11/5/2014,2023.57,67.55,47.47,85.75,19.57,67.29,55.45,48.02,40.81,46.56,1%,411
11/6/2014,2031.21,68.12,47.57,86.83,19.6,67.7,56.03,48.41,40.79,45.77,0%,360
11/7/2014,2031.92,68.01,47.74,87.79,19.61,67.03,56.11,48.64,40.84,46.25,0%,261
11/10/2014,2038.26,67.97,47.95,87,19.72,67.71,56.39,48.77,40.95,46.48,0%,346
11/11/2014,2039.68,68.26,47.86,87.26,19.65,67.96,56.32,49.01,40.97,46.31,0%,273
11/12/2014,2038.25,68.58,47.86,86.49,19.61,67.86,56.4,49.13,41.1,45.5,0%,219
11/13/2014,2039.33,69.01,48.03,85.34,19.6,67.81,56.24,49.14,41.32,45.13,0%,265
11/14/2014,2039.82,69.28,47.76,86.21,19.54,67.25,56.31,49.29,41.61,44.94,0%,257
11/17/2014,2041.32,69.2,48.08,85.76,19.54,67.58,56.23,49.28,41.53,45.53,0%,276
11/18/2014,2051.8,69.33,48.26,85.83,19.6,68.67,56.65,49.87,41.67,45.66,1%,398
11/19/2014,2048.72,69.62,48.46,86.28,19.56,68.29,56.48,49.8,41.4,45.62,0%,190
11/20/2014,2052.75,69.92,48.25,87.36,19.56,68,56.63,50.06,41.61,45.52,0%,316
11/21/2014,2063.5,70.09,48.45,88.5,19.66,68.32,57.18,50.67,41.67,45.7,1%,403
11/24/2014,2069.41,70.74,48.42,87.82,19.79,68.67,57.33,50.44,41.89,45.32,0%,340
11/25/2014,2067.03,70.96,48.46,86.39,19.77,68.76,57.5,50.26,41.91,45.32,0%,205
11/26/2014,2072.83,70.95,48.68,85.3,19.8,69.18,57.39,50.3,42.29,45.52,0%,338
11/28/2014,2067.56,71.81,49.3,79.82,19.81,69.61,56.91,49.16,42.49,46,0%,165
12/1/2014,2053.44,71.02,48.98,80.1,19.67,69.44,56.18,48.65,42.01,46.09,-1%,93
12/2/2014,2066.55,71.29,49.15,80.97,19.86,70.21,56.66,48.94,42.02,46.4,1%,419
12/3/2014,2074.33,71.41,48.8,81.96,19.95,70.32,57.42,49.66,42.17,46.27,0%,357
12/4/2014,2071.92,71.37,48.76,81.25,19.98,70.23,57.13,49.81,42.17,46.23,0%,204
12/5/2014,2075.37,71.53,48.85,80.28,20.16,70.79,57.26,49.77,42.12,45.87,0%,305
12/8/2014,2060.31,70.95,48.75,77.03,20.25,71.04,56.63,48.98,41.69,46.24,-1%,86
12/9/2014,2059.82,70.82,48.59,77.87,20.2,70.74,56.64,49.11,41.68,46.47,0%,239
12/10/2014,2026.14,69.88,48.13,75.47,19.94,69.65,55.56,48.1,41.05,45.89,-2%,21
12/11/2014,2035.33,70.45,48.53,75.42,19.99,69.85,55.83,48.14,41.23,46.35,0%,378
12/12/2014,2002.33,70,47.91,74.02,19.6,68.78,54.82,46.8,40.62,45.91,-2%,22
12/15/2014,1989.63,69.58,47.59,73.36,19.42,68.15,54.64,46.55,40.37,45.52,-1%,101
12/16/2014,1972.74,68.51,47.41,74.01,19.24,67.36,54.69,46.19,39.83,45.48,-1%,73
12/17/2014,2012.89,69.82,48.1,77.08,19.68,68.62,55.2,47.45,40.58,46.29,2%,514
12/18/2014,2061.23,70.97,49.02,78.56,20.13,70.5,56.59,48.53,41.74,47.2,2%,517
12/19/2014,2070.65,70.87,48.62,80.57,20.04,70.41,56.59,48.82,41.57,46.86,0%,380
12/22/2014,2078.54,71.56,49.09,79.75,20.18,69.74,57.13,48.85,42.07,46.98,0%,362
12/23/2014,2082.17,71.96,49.43,80.72,20.29,68.14,57.34,49.23,42.18,47.1,0%,310
12/24/2014,2081.88,71.84,49.38,80.13,20.26,68.64,57.4,49.06,42.14,47.97,0%,242
12/26/2014,2088.77,72.23,49.46,80.11,20.26,69.13,57.4,49.23,42.32,48.55,0%,350
12/29/2014,2090.57,72.78,49.31,80.4,20.33,69.37,57.49,49.23,42.11,49.11,0%,281
12/30/2014,2080.35,72.44,49.09,79.76,20.31,69.07,57.15,49.06,41.81,48.09,0%,117
12/31/2014,2058.9,72.15,48.49,79.16,20.08,68.38,56.58,48.58,41.35,47.22,-1%,59
1/2/2015,2058.2,71.63,48.35,79.53,20.08,68.63,56.51,48.65,41.27,47.44,0%,233
1/5/2015,2020.58,70.26,48.01,76.24,19.66,68.28,55.19,47.41,40.64,46.86,-2%,16
1/6/2015,2002.61,69.56,47.95,75.12,19.36,68.05,54.51,46.99,40.15,46.89,-1%,70
1/7/2015,2025.9,70.66,48.77,75.28,19.56,69.65,54.92,47.52,40.49,47.35,1%,471
1/8/2015,2062.14,71.72,49.51,76.97,19.85,70.84,56.02,48.65,41.38,47.68,2%,507
1/9/2015,2044.81,70.89,49.11,76.36,19.59,70.21,55.42,48.4,41.25,47.38,-1%,74
1/12/2015,2028.26,70.51,48.96,74.16,19.42,70.24,55.04,48.29,40.77,47.27,-1%,80
1/13/2015,2023.03,70.51,48.95,73.57,19.36,69.93,54.93,47.75,40.74,47.4,0%,161
1/14/2015,2011.27,69.66,48.8,73.8,19.08,69.82,54.63,47.19,40.51,47.81,-1%,108
1/15/2015,1992.67,68.76,48.88,72.86,18.85,69.07,54.37,47.1,39.99,48.19,-1%,68
1/16/2015,2019.42,69.67,49.27,75.23,19.08,70.37,54.73,47.85,40.38,48.62,1%,488
1/20/2015,2022.55,69.27,49.47,75.32,18.99,70.37,55.12,47.93,40.72,48.74,0%,301
1/21/2015,2032.12,69.72,49.71,76.85,19.04,70.51,55.57,48.4,40.79,49.21,0%,385
1/22/2015,2063.15,71.03,50.21,77.21,19.51,71.35,56.46,49.01,41.46,49,2%,499
1/23/2015,2051.82,70.93,49.65,76.66,19.3,70.94,55.99,48.25,41.45,49.14,-1%,113
1/26/2015,2057.09,71.3,49.65,77.76,19.4,71.31,56.06,48.46,41.28,49.11,0%,331
1/27/2015,2029.55,70.73,49.08,77.71,19.19,70.8,55.32,48.13,40.09,49.18,-1%,38
1/28/2015,2002.16,69.81,48.51,74.65,18.84,69.78,54.84,47.26,40.02,48.76,-1%,37
1/29/2015,2021.25,70.76,48.9,74.9,18.99,70.37,55.47,47.88,40.4,49.41,1%,451
1/30/2015,1994.99,69.99,48.02,75.55,18.69,69.27,54.57,47.69,39.9,48.32,-1%,41
2/2/2015,2020.85,70.62,48.59,77.86,18.99,69.66,55.38,48.12,40.31,48.53,1%,487
2/3/2015,2050.03,72.12,49.02,79.99,19.3,70.13,56.28,49.18,40.77,48.71,1%,493
2/4/2015,2041.51,72.6,49.04,78.67,19.25,69.25,55.85,48.86,40.85,48.12,0%,134
2/5/2015,2062.52,73.05,49.29,79.8,19.45,70.42,56.33,50.04,41.23,48.56,1%,457
2/6/2015,2055.47,72.94,49.07,79.82,19.6,69.78,56.2,49.92,41.1,46.56,0%,145
2/9/2015,2046.74,72.66,48.7,79.9,19.51,68.96,56.05,49.86,41.04,46.15,0%,133
2/10/2015,2068.59,73.55,49.27,79.86,19.66,70.12,56.36,50.23,41.65,47.1,1%,461
2/11/2015,2068.53,73.57,49.5,79.3,19.66,70.19,56.38,50.15,41.81,46.08,0%,248
2/12/2015,2088.48,74.44,49.73,80.34,19.85,70.44,56.91,51.01,42.38,45.87,1%,453
2/13/2015,2096.99,74.89,49.5,82.04,19.84,70.72,57.17,51.44,42.65,45.17,0%,366
2/17/2015,2100.34,74.72,49.51,82.29,19.9,71.23,57.25,51.5,42.67,45.13,0%,303
2/18/2015,2099.68,74.68,49.78,81.31,19.78,71.31,57.57,51.64,42.71,46.2,0%,234
2/19/2015,2097.45,74.91,49.46,80.93,19.7,71.43,57.67,51.78,42.86,45.68,0%,210
2/20/2015,2110.3,75.44,49.6,80.54,19.85,72.18,58.16,51.93,43.08,45.69,1%,417
2/23/2015,2109.66,75.37,49.74,80.21,19.8,72.51,57.91,51.87,43.11,46,0%,237
2/24/2015,2115.48,75.73,49.91,80.43,19.9,72.42,58.14,52.09,43.24,46.34,0%,335
2/25/2015,2113.86,76.31,49.74,80.87,19.9,72.39,58.02,51.94,42.97,45.58,0%,216
2/26/2015,2110.74,76.07,49.81,79.37,19.85,72.59,57.76,51.61,43.24,45.28,0%,192
2/27/2015,2104.5,75.97,50.01,79.02,19.77,72.24,57.49,51.49,43.09,45.23,0%,152
3/2/2015,2117.39,76.88,50.1,78.47,19.92,72.89,58.02,51.83,43.43,44.36,1%,416
3/3/2015,2107.78,76.67,49.91,78.76,19.86,72.23,57.65,51.55,43.14,44.63,0%,128
3/4/2015,2098.53,76.27,49.56,78.65,19.74,72.58,57.2,51.37,42.97,44.38,0%,131
3/5/2015,2101.04,76.32,49.73,78.18,19.82,72.84,57.24,51.15,42.92,44.73,0%,290
3/6/2015,2071.26,75.41,48.76,76.78,19.68,71.41,56.46,50.46,42.39,43.39,-1%,32
3/9/2015,2079.43,75.84,49.03,76.23,19.77,71.85,56.99,50.53,42.59,43.47,0%,365
3/10/2015,2044.16,74.66,48.33,75.17,19.34,71.05,55.94,49.76,41.72,43.39,-2%,18
3/11/2015,2040.24,74.25,47.96,75.39,19.46,71.01,55.88,49.7,41.45,43.11,0%,178
3/12/2015,2065.95,75.76,48.66,74.91,19.89,71.95,56.6,50.32,41.72,43.93,1%,483
3/13/2015,2053.4,75.16,48.28,74.63,19.75,71.81,56.08,49.84,41.49,43.48,-1%,105
3/16/2015,2081.19,76.04,48.87,75.64,19.99,73.4,57.01,49.76,41.98,44.23,1%,490
3/17/2015,2074.28,75.62,48.52,75.35,19.94,73.19,56.78,49.21,41.99,44.16,0%,147
3/18/2015,2099.5,76.29,48.85,77.54,20.06,74.14,57.45,49.96,42.56,45.35,1%,477
3/19/2015,2089.27,76.18,48.63,76.31,19.87,74.57,57.06,49.1,42.44,44.93,0%,118
3/20/2015,2108.1,76.77,48.94,76.91,20.07,74.9,57.12,49.23,42.54,44.98,1%,447
3/23/2015,2104.42,76.64,49.02,76.64,19.95,74.69,56.64,49.23,42.54,45.01,0%,183
3/24/2015,2091.5,76.24,48.74,76.13,19.79,74.04,56.45,49.07,42.4,44.51,-1%,103
3/25/2015,2061.05,75,48.62,77.12,19.47,72.69,55.49,48.52,41.31,43.99,-1%,30
3/26/2015,2056.15,74.53,48.41,77.03,19.46,72.52,55.34,48.63,41.34,43.62,0%,167
3/27/2015,2061.02,74.91,48.71,76.4,19.43,73.04,55.55,48.61,41.37,43.88,0%,329
3/30/2015,2086.24,75.68,49.2,78.04,19.72,73.78,56.33,49.27,41.87,44.42,1%,478
3/31/2015,2067.89,75.35,48.74,77.58,19.58,72.5,55.77,48.78,41.44,44.43,-1%,71
4/1/2015,2059.69,75.02,48.8,77.56,19.56,71.77,55.4,48.92,41.38,44.47,0%,138
4/2/2015,2066.96,75.69,49.13,77.72,19.66,71.99,55.43,48.97,41.37,44.55,0%,353
4/6/2015,2080.62,76.05,49.52,79.12,19.69,72.1,55.85,49.36,41.77,45.17,1%,422
4/7/2015,2076.33,75.63,49.29,79.17,19.59,72.27,55.72,49.28,41.68,44.65,0%,174
4/8/2015,2081.9,76.34,49.37,78.53,19.66,72.88,55.91,49.42,41.81,44.52,0%,333
4/9/2015,2091.18,76.41,49.51,79.79,19.69,73.43,56.18,49.56,41.92,44.33,0%,376
4/10/2015,2102.06,76.67,49.6,80.14,19.68,74.06,56.97,49.7,42.08,44.66,1%,401
4/13/2015,2092.43,76.25,49.37,79.34,19.76,73.66,56.43,49.5,41.96,44.22,0%,127
4/14/2015,2095.84,76.21,49.48,80.77,19.76,73.78,56.5,49.71,41.83,44.44,0%,304
4/15/2015,2106.63,76.21,49.34,82.7,19.83,73.97,56.6,50.19,42.2,44.55,1%,399
4/16/2015,2104.99,76.36,49.52,82.51,19.86,73.93,56.48,50.08,42.05,44.26,0%,215
4/17/2015,2081.18,75.23,49.06,81.91,19.59,73.29,55.8,49.62,41.47,44.1,-1%,51
4/20/2015,2100.4,76.06,49.23,82.22,19.68,73.74,56.45,49.98,42.18,44.76,1%,450
4/21/2015,2097.29,76.14,49.32,81.35,19.58,74.23,56.38,49.61,42.16,44.36,0%,191
4/22/2015,2107.96,76.21,49.35,81.89,19.72,74.35,56.62,49.71,42.59,44.45,1%,397
4/23/2015,2112.93,76.59,49.18,82.45,19.75,74.63,56.56,49.84,42.76,44.7,0%,327
4/24/2015,2117.69,77.63,49.19,81.98,19.72,74.39,56.32,50.26,43.13,45.15,0%,324
4/27/2015,2108.92,76.95,48.92,81.89,19.64,73.04,56.3,50.7,43.25,44.61,0%,135
4/28/2015,2114.76,76.68,48.97,82.3,19.76,73.4,56.4,50.77,43.39,44.93,0%,337
4/29/2015,2106.85,76.16,48.53,82.94,19.75,72.73,56.12,50.74,43.18,44.74,0%,141
4/30/2015,2085.51,75.31,48.37,82.68,19.59,71.71,55.63,50.42,42.58,44.22,-1%,61
5/1/2015,2108.29,76.35,48.81,82.87,19.77,72.68,56.33,51.25,43.1,44.47,1%,465
5/4/2015,2114.49,76.51,48.88,82.66,19.96,73.14,56.42,51.11,43.14,44.8,0%,341
5/5/2015,2089.46,75.71,48.49,81.64,19.78,72.22,55.66,50.53,42.47,43.8,-1%,46
5/6/2015,2080.15,75.4,48.64,81.32,19.68,71.94,55.63,50.54,42.11,43.56,0%,130
5/7/2015,2088,75.79,48.76,80.44,19.82,72.28,55.92,50.76,42.42,43.72,0%,358
5/8/2015,2116.1,76.6,49.17,81.76,20.11,73.45,56.58,51.57,43.03,44.03,1%,489
5/11/2015,2105.33,76.26,48.97,80.22,20.03,73.49,56.53,51.33,42.81,43.73,-1%,115
5/12/2015,2099.12,76.12,48.86,80.59,19.96,73.02,56.47,50.79,42.58,43.68,0%,153
5/13/2015,2098.48,75.64,48.84,80.38,19.97,73.1,56.59,50.73,42.76,43.25,0%,236
5/14/2015,2121.1,75.98,49.59,80.35,20.15,74.11,57.16,51.26,43.45,43.75,1%,463
5/15/2015,2122.73,76.59,49.75,80.67,20.06,74.26,57.11,51.51,43.31,44.32,0%,277
5/18/2015,2129.2,76.88,49.59,80.74,20.17,74.7,57.22,51.28,43.52,44.49,0%,344
5/19/2015,2127.83,76.86,49.46,79.59,20.29,75.05,57.06,51.03,43.41,44.59,0%,221
5/20/2015,2125.85,76.77,49.35,79.74,20.23,75.15,56.85,51,43.44,44.66,0%,212
5/21/2015,2130.82,77.07,49.46,80.49,20.18,75.16,57.16,51.18,43.63,44.64,0%,326
5/22/2015,2126.06,76.94,49.25,80.2,20.19,74.98,56.9,51.12,43.6,44.57,0%,171
5/26/2015,2104.2,76.39,48.86,78.93,19.96,74.22,56.28,50.48,42.97,44.29,-1%,60
5/27/2015,2123.48,76.96,49.17,78.79,20.18,75.08,56.64,50.81,43.78,44.47,1%,449
5/28/2015,2120.79,76.83,49.1,78.48,20.16,75.13,56.37,50.94,43.69,44.57,0%,200
5/29/2015,2107.39,76.3,48.79,78.39,19.98,74.94,55.81,50.61,43.37,44.5,-1%,102
6/1/2015,2111.73,76.52,48.79,78.19,19.99,75.24,56.06,50.63,43.49,44.56,0%,320
6/2/2015,2109.6,76.69,48.66,78.73,20.03,74.75,56.17,50.79,43.4,43.97,0%,211
6/3/2015,2114.07,77.29,48.63,78.19,20.2,74.89,56.45,50.84,43.49,43.32,0%,321
6/4/2015,2095.84,76.74,48.28,77.13,20.02,74.37,55.82,50.24,43.09,43.26,-1%,72
6/5/2015,2092.83,76.52,47.59,77.67,20.13,74.34,55.86,50.01,42.95,42.72,0%,193
6/8/2015,2079.28,75.98,47.57,77.23,20.01,73.97,55.45,49.83,42.47,42.47,-1%,98
6/9/2015,2080.15,75.9,47.8,77.22,20.06,73.95,55.44,49.86,42.37,42.37,0%,262
6/10/2015,2105.2,76.68,48.27,78.17,20.34,74.86,55.99,50.38,43.03,42.58,1%,476
6/11/2015,2108.86,76.94,48.25,77.82,20.42,75.37,56.31,50.5,43.05,42.92,0%,309
6/12/2015,2094.11,76.59,48.06,76.95,20.33,74.44,55.98,50.2,42.67,42.54,-1%,91
6/15/2015,2084.43,76.23,47.71,76.77,20.24,74.53,55.51,49.89,42.41,42.47,0%,126
6/16/2015,2096.29,76.69,48.23,77.37,20.36,74.9,55.56,50.15,42.69,42.67,1%,410
6/17/2015,2100.44,77.04,48.49,77.18,20.33,74.97,55.71,50.36,42.71,43.03,0%,318
6/18/2015,2121.24,77.97,49.03,77.13,20.52,76.03,56.27,50.78,43.09,43.6,1%,455
6/19/2015,2109.99,77.45,48.66,75.91,20.09,75.71,55.72,50.21,42.54,42.79,-1%,114
6/22/2015,2122.85,77.88,48.85,76.84,20.4,76.3,56.06,50.4,42.89,42.73,1%,415
6/23/2015,2124.2,78.19,48.64,77.09,20.44,76.45,55.92,50.26,42.92,42.15,0%,271
6/24/2015,2108.58,77.65,48.42,76.61,20.27,75.68,55.4,49.62,42.72,41.82,-1%,84
6/25/2015,2102.31,77.59,48.33,75.83,20.15,76.1,54.97,49.58,42.62,41.54,0%,151
6/26/2015,2101.49,77.9,48.43,76.08,20.21,75.99,55.07,49.39,42.26,41.79,0%,228
6/29/2015,2057.64,76.14,47.68,74.64,19.72,74.13,54.03,48.24,41.36,41.57,-2%,10
6/30/2015,2063.11,76.48,47.6,75.16,19.8,74.39,54.06,48.39,41.4,41.46,0%,332
7/1/2015,2077.42,77.35,48.21,74.2,20.1,75.19,54.33,48.66,41.68,41.71,1%,426
7/2/2015,2076.78,77.2,48.17,74.53,20.01,74.84,54.23,48.51,41.74,42.23,0%,235
7/6/2015,2068.76,77.05,48.13,73.55,19.93,74.81,54.02,48.11,41.57,42.4,0%,140
7/7/2015,2081.34,77.72,49.12,74.22,19.97,75.17,54.46,47.95,41.63,43.45,1%,414
7/8/2015,2046.68,76.24,48.57,72.72,19.62,73.88,53.48,46.9,40.95,43.22,-2%,19
7/9/2015,2051.31,76.56,48.61,73.09,19.77,74.28,53.61,47.04,40.79,42.74,0%,325
7/10/2015,2076.62,77.67,49.18,73.49,20.01,75.28,54.17,47.7,41.44,42.97,1%,480
7/13/2015,2099.6,78.79,49.64,74.01,20.25,75.92,54.77,48.22,42.07,42.99,1%,467
7/14/2015,2108.95,78.89,49.72,74.54,20.3,76.68,54.92,48.49,42.23,42.93,0%,375
7/15/2015,2107.4,78.81,49.59,73.23,20.47,76.78,54.69,48.11,42.24,43.14,0%,217
7/16/2015,2124.29,79.29,50.1,73.33,20.67,77.14,54.94,47.99,42.78,43.78,1%,438
7/17/2015,2126.64,79.15,50.07,72.44,20.62,76.97,54.92,47.66,43.44,43.35,0%,288
7/20/2015,2128.28,79.19,50.16,71.48,20.64,77.22,54.93,47.26,43.67,43.13,0%,278
7/21/2015,2119.21,78.94,50.04,71.51,20.62,76.88,54.34,46.97,43.38,42.74,0%,132
7/22/2015,2114.15,79.32,50.15,70.93,20.77,77.05,54.1,46.77,42.68,42.93,0%,166
7/23/2015,2102.15,78.85,49.96,70.87,20.59,76.77,53.6,46.09,42.59,42.29,-1%,111
7/24/2015,2079.65,78.85,49.68,69.51,20.4,74.85,52.9,45.08,42.36,42.33,-1%,58
7/27/2015,2067.64,78.26,49.65,68.51,20.25,74.78,52.64,44.58,41.98,42.87,-1%,110
7/28/2015,2093.25,78.87,50.21,70.47,20.33,76.13,53.66,45.51,42.36,43.07,1%,481
7/29/2015,2108.57,79.68,50.38,71.43,20.54,76.26,54.32,45.84,42.64,43.23,1%,431
7/30/2015,2108.63,79.97,50.21,70.93,20.54,76.15,54.27,46.07,42.72,43.55,0%,252
7/31/2015,2103.84,80.22,50.31,69.38,20.47,76.59,54.22,45.95,42.58,43.99,0%,169
8/3/2015,2098.04,79.95,50.38,67.92,20.45,76.53,53.96,45.59,42.35,44.22,0%,159
8/4/2015,2093.32,80.29,50.38,67.69,20.41,76.49,53.93,45.79,42.1,43.51,0%,170
8/5/2015,2099.84,79.42,50.82,67.18,20.5,77.13,54.23,46.02,42.51,43.62,0%,345
8/6/2015,2083.56,78.34,50.44,68.25,20.42,75.45,53.95,45.86,42.09,43.85,-1%,82
8/7/2015,2077.57,78.28,50.16,67.03,20.46,75.32,53.69,45.22,42.12,44.39,0%,154
8/10/2015,2104.18,78.91,50.35,69.17,20.66,75.93,54.74,46.33,42.78,44.21,1%,484
8/11/2015,2084.07,78.2,50.17,69.3,20.47,75.29,54.07,45.47,42.14,44.43,-1%,64
8/12/2015,2086.05,77.86,50.2,70.56,20.29,75.34,54.08,45.64,42.33,45.22,0%,285
8/13/2015,2083.39,78.31,50,69.49,20.36,75.17,54.04,45.51,42.21,45.23,0%,199
8/14/2015,2091.54,78.36,50.16,69.34,20.5,75.38,54.38,45.72,42.42,45.57,0%,364
8/17/2015,2102.44,79.11,50.21,69.49,20.54,76.14,54.65,45.98,42.66,45.79,1%,402
8/18/2015,2096.92,79.18,49.96,69.23,20.53,76.03,54.55,45.68,42.44,45.68,0%,160
8/19/2015,2079.61,79.04,49.5,67.32,20.34,75.72,54.04,45.12,42.16,45.87,-1%,76
8/20/2015,2035.73,76.82,49.05,65.8,19.91,73.96,52.92,44.27,41.13,45.6,-2%,8
8/21/2015,1970.89,74.36,47.71,63.5,19.2,71.7,51.46,43.19,39.56,45.05,-3%,2
8/24/2015,1893.21,71.39,46.05,60.09,18.39,68.65,49.57,41.38,38.14,43.37,-4%,1
8/25/2015,1867.61,71.1,45.7,59.22,18.13,67.96,48.98,40.73,37.7,42.03,-1%,36
8/26/2015,1940.51,73.8,47.05,61.26,18.82,70.83,50.51,41.83,39.6,42.78,4%,521
8/27/2015,1987.66,75.53,47.74,64.29,19.28,72.21,51.73,43.35,40.52,43.28,2%,518
8/28/2015,1988.87,75.56,47.64,65.75,19.19,71.8,51.75,43.6,40.6,43.15,0%,270
8/31/2015,1972.18,74.98,47.31,66.43,19.03,70.49,51.29,43.36,40.23,42.46,-1%,75
9/1/2015,1913.85,73.08,46.34,64.09,18.41,68.64,49.93,42.04,38.94,41.31,-3%,3
9/2/2015,1948.86,74.62,46.97,64.68,18.66,70.05,51.04,42.64,39.88,41.34,2%,509
9/3/2015,1951.13,74.65,47.29,64.86,18.77,69.55,51.07,42.9,39.91,41.53,0%,289
9/4/2015,1921.22,73.85,46.52,63.79,18.39,68.68,50.36,42.05,39.3,40.96,-2%,26
9/8/2015,1969.41,75.56,47.49,64.79,18.86,70.6,51.75,43.1,40.4,41.83,3%,520
9/9/2015,1942.04,74.75,46.71,63.57,18.6,69.51,51.2,42.77,39.87,41.31,-1%,35
9/10/2015,1952.29,74.96,46.79,63.94,18.69,70.18,51.23,42.87,40.27,41.24,1%,404
9/11/2015,1961.05,75.52,47.1,63.37,18.77,70.63,51.51,42.81,40.46,41.55,0%,377
9/14/2015,1953.03,75.12,46.95,62.82,18.73,70.41,51.25,42.3,40.36,41.65,0%,137
9/15/2015,1978.09,75.91,47.51,63.52,19,71.42,52.14,42.61,40.88,41.87,1%,485
9/16/2015,1995.31,76.77,48.05,65.32,19.12,71.62,52.52,43.22,41.05,42.29,1%,444
9/17/2015,1990.2,76.97,48.05,65.28,18.86,72.27,52.29,43.02,40.77,42.87,0%,162
9/18/2015,1958.03,75.46,47.19,63.1,18.4,70.91,50.86,41.88,40.06,42.23,-2%,24
9/21/2015,1966.97,76.12,47.54,63.46,18.61,69.97,51.11,42.02,40.46,42.4,0%,379
9/22/2015,1942.74,75.11,47.02,62.79,18.38,69.54,50.37,41.24,39.78,41.87,-1%,44
9/23/2015,1938.76,74.91,47.1,61.98,18.38,69.47,50.02,40.36,39.88,41.98,0%,175
9/24/2015,1932.24,74.71,47.18,62.25,18.25,68.76,49.71,40.25,39.88,42.32,0%,146
9/25/2015,1931.34,74.7,47.48,62.37,18.52,66.88,49.81,40.2,39.81,42.73,0%,224
9/28/2015,1881.77,72.55,46.78,59.88,18.09,64.29,48.83,38.95,38.9,42.52,-3%,4
9/29/2015,1884.09,72.31,46.76,59.79,18.12,64.88,49.15,39.1,38.73,42.53,0%,292
9/30/2015,1920.03,74.26,47.19,61.2,18.4,66.23,49.89,39.92,39.5,43.29,2%,510
10/1/2015,1923.82,74.81,47.19,61.32,18.41,66.9,49.78,40.37,39.52,42.78,0%,317
10/2/2015,1951.36,75.88,47.84,63.85,18.43,68.29,50.41,41.36,40.08,43.35,1%,492
10/5/2015,1987.05,77,48.66,65.78,18.82,68.47,51.84,42.44,40.87,43.91,2%,508
10/6/2015,1979.92,76.43,48.33,67.24,18.73,66.86,51.79,42.99,40.92,43.61,0%,142
10/7/2015,1995.83,76.69,48.77,68.09,18.88,67.93,52.47,43.56,41.11,43.46,1%,439
10/8/2015,2013.43,77.63,49.35,69.39,18.99,68.13,53.2,44.17,41.3,44,1%,446
10/9/2015,2014.89,77.72,49.46,68.94,18.87,68.44,53.38,44.15,41.48,43.79,0%,274
10/12/2015,2017.46,78.09,49.59,68.05,18.89,68.62,53.39,43.77,41.53,44.18,0%,293
10/13/2015,2003.69,77.67,49.29,67.34,18.74,67.76,52.82,43.6,41.44,44.08,-1%,94
10/14/2015,1994.24,76.88,48.72,67.92,18.59,67.63,52.25,43.95,41.36,44.07,0%,122
10/15/2015,2023.86,77.88,49.16,69.14,19.01,69.14,52.82,44.07,41.89,44.72,1%,496
10/16/2015,2033.11,78.29,49.63,69.23,19.12,69.76,52.55,44.09,41.97,44.78,0%,381
10/19/2015,2033.66,78.66,49.85,67.86,19.11,70.01,52.62,43.78,42.13,44.81,0%,258
10/20/2015,2030.77,78.56,49.82,68.05,19.22,68.91,52.97,43.85,42.02,44.96,0%,194
10/21/2015,2018.94,78.21,49.83,67.21,19.08,68.29,52.98,43.46,41.7,44.87,-1%,107
10/22/2015,2052.51,79.24,50.82,68.42,19.39,67.88,54.46,44.65,42.64,45.39,2%,504
10/23/2015,2075.15,79.63,50.74,68.26,19.6,69.33,54.66,45.02,43.83,44.59,1%,466
10/26/2015,2071.18,80.19,50.64,66.59,19.52,69.6,54.54,44.65,43.66,44.43,0%,179
10/27/2015,2065.89,79.81,50.71,65.79,19.41,70.88,53.94,44.46,43.41,44.27,0%,163
10/28/2015,2090.35,80.57,50.42,67.25,19.86,71.47,54.37,45.13,44.06,43.8,1%,473
10/29/2015,2089.41,80.8,50.44,67.59,19.84,71.79,54.34,45.22,43.94,43.55,0%,226
10/30/2015,2079.36,80.97,49.88,68.03,19.55,71.34,54.27,45.28,43.65,43.75,0%,120
11/2/2015,2104.05,81.34,50.18,69.62,19.82,72.86,54.9,45.56,44.04,43.8,1%,474
11/3/2015,2109.79,81.65,49.94,71.4,19.85,72.6,54.94,45.74,44.27,43.93,0%,334
11/4/2015,2102.31,81.12,49.73,70.76,19.8,72.28,54.79,45.44,44.32,44.16,0%,143
11/5/2015,2099.93,81.41,49.72,70.16,19.88,72.05,54.86,45.21,44.19,43.78,0%,206
11/6/2015,2099.2,81.42,49.18,69.8,20.08,71.75,54.86,45.33,44.34,42.25,0%,232
11/9/2015,2078.58,80.3,48.85,69.11,19.86,71.2,54.44,45.02,43.91,42.36,-1%,62
11/10/2015,2081.72,81.06,48.98,69.26,19.95,71.68,54.43,44.69,43.62,42.74,0%,298
11/11/2015,2075,80.58,48.91,67.79,19.89,70.97,54.5,44.74,43.6,43.11,0%,148
11/12/2015,2045.97,79.83,48.25,66.25,19.59,69.74,53.76,43.84,43.22,42.7,-1%,34
11/13/2015,2023.04,77.73,47.83,65.98,19.42,69.57,53.52,44.4,42.37,42.54,-1%,53
11/16/2015,2053.19,78.67,48.65,68.18,19.66,70.44,54.21,44.97,43.02,43.26,1%,497
11/17/2015,2050.44,78.82,48.63,67.43,19.62,70.74,54.1,44.92,43.03,42.48,0%,198
11/18/2015,2083.58,80.17,49.3,68.54,19.97,72.12,54.85,45.72,43.68,42.75,2%,500
11/19/2015,2081.24,80.27,49.43,67.62,20,70.91,55.09,45.67,43.88,43.21,0%,208
11/20/2015,2089.17,81.23,49.08,66.9,20.03,71.52,55.37,45.53,44.2,43.39,0%,361
11/23/2015,2086.59,81.53,49.51,67.38,19.95,71.34,55.09,45.59,43.94,42.99,0%,202
11/24/2015,2089.14,81.36,49.64,68.82,19.9,71.56,55,45.97,43.95,42.93,0%,291
11/25/2015,2088.87,81.77,49.77,68.26,19.91,71.95,55,45.68,43.81,42.67,0%,244
11/27/2015,2090.11,81.47,49.96,67.77,19.96,72.09,55.1,45.62,43.91,42.75,0%,269
11/30/2015,2080.41,80.78,49.42,68.02,19.94,71.11,54.74,45.73,43.96,42.82,0%,125
12/1/2015,2102.63,81.61,49.84,68.56,20.16,72.31,55,46.05,44.35,43.16,1%,462
12/2/2015,2079.51,80.9,49.59,66.44,19.93,71.7,54.44,45.43,44.07,42.2,-1%,54
12/3/2015,2049.62,79.68,49.33,65.11,19.6,70.13,53.76,45.03,43.5,41.88,-1%,31
12/4/2015,2091.69,81.22,50.44,64.7,20.12,71.78,54.56,45.82,44.57,42.47,2%,515
12/7/2015,2077.07,80.88,50.58,62.24,19.94,71.38,54.29,45,44.35,42.66,-1%,92
12/8/2015,2063.59,80.64,50.45,61.6,19.68,71.54,53.42,44.15,44.24,42.6,-1%,97
12/9/2015,2047.62,79.61,49.97,62.41,19.46,70.82,53.26,45.48,43.59,42.61,-1%,83
12/10/2015,2052.23,79.88,50.03,62.81,19.47,71.35,53.51,45.14,43.71,41.91,0%,323
12/11/2015,2012.37,78.06,49.48,60.46,19.04,70.3,52.61,43.94,42.8,41.79,-2%,13
12/14/2015,2021.94,78.46,49.97,60.78,19.08,70.76,52.8,43.36,43.13,42,0%,386
12/15/2015,2043.41,78.89,50.29,62.31,19.53,71.68,52.81,43.6,43.32,42.33,1%,459
12/16/2015,2073.07,80.21,51.26,61.9,19.85,72.61,53.75,44.05,43.91,43.4,1%,495
12/17/2015,2041.89,78.89,50.6,60.38,19.56,71.83,52.86,43.17,43.22,43.49,-2%,29
12/18/2015,2005.55,77.33,49.34,58.79,18.92,70.49,51.74,42.27,42.17,42.51,-2%,17
12/21/2015,2021.15,77.72,49.9,58.85,19.11,71.13,52.14,42.65,42.6,42.48,1%,434
12/22/2015,2038.97,78.29,50.55,59.54,19.29,71.61,52.86,43.19,42.91,42.84,1%,445
12/23/2015,2064.29,78.69,50.92,62.13,19.51,72.38,53.48,44.21,43.27,43.5,1%,482
12/24/2015,2060.99,78.48,50.87,61.57,19.5,72.45,53.46,44.11,43.25,43.47,0%,186
12/28/2015,2056.5,78.68,50.8,60.45,19.48,72.11,53.34,43.8,43.22,43.55,0%,173
12/29/2015,2078.36,79.59,51.24,60.87,19.68,72.99,53.85,44.21,43.81,43.79,1%,460
12/30/2015,2063.36,78.95,51.06,60.05,19.55,72.68,53.4,43.8,43.44,43.75,-1%,87
12/31/2015,2043.94,78.16,50.49,60.32,19.35,72.03,53.01,43.42,42.83,43.28,-1%,66
1/4/2016,2012.66,76.82,49.85,60.3,18.98,70.73,52.3,42.74,42.27,43.19,-2%,27
1/5/2016,2016.71,76.72,50.17,60.53,19.05,71.07,52.44,42.72,42.16,43.5,0%,319
1/6/2016,1990.26,75.97,50,58.2,18.76,70.49,51.63,41.6,41.64,43.42,-1%,40
1/7/2016,1943.09,74.41,49.4,56.78,18.23,69.06,50.23,40.47,40.41,43.13,-2%,6
1/8/2016,1922.03,73.61,49.02,56.05,17.95,68.02,49.72,40.06,40.09,43.11,-1%,56
1/11/2016,1923.67,74.19,49.48,54.85,17.97,67.21,49.75,39.38,40.35,43.34,0%,280
1/12/2016,1938.68,75.01,49.75,54.98,18.11,68.07,50.15,39.44,40.83,43.17,1%,435
1/13/2016,1890.28,72.48,48.84,53.66,17.64,66.05,48.94,38.53,39.73,43.15,-2%,5
1/14/2016,1921.84,73,49.07,55.97,17.79,67.82,49.52,39.05,40.48,43.8,2%,505
1/15/2016,1880.33,71.5,48.3,54.35,17.39,66.87,48.65,38.25,39.34,43.41,-2%,7
1/19/2016,1881.33,71.77,48.88,53.18,17.39,66.86,48.64,37.78,39.38,44.06,0%,266
1/20/2016,1859.33,71.14,48.27,51.77,17.04,66.99,48.01,37.5,39.07,43.07,-1%,49
1/21/2016,1868.99,72.05,48.46,53.38,16.97,66.79,48.22,37.83,39.29,43.03,1%,400
1/22/2016,1906.9,73.31,49.29,55.74,17.28,67.85,48.64,38.51,40.38,43.8,2%,513
1/25/2016,1877.08,72.47,48.85,53.14,16.93,67.22,48.04,37.28,39.91,43.43,-2%,25
1/26/2016,1903.63,73.53,49.29,55.15,17.22,67.73,48.95,37.92,40.3,43.73,1%,491
1/27/2016,1882.95,72.38,49.25,54.89,17.15,66.96,48.4,37.62,39.47,43.83,-1%,55
1/28/2016,1893.36,73.31,49.75,56.56,17.16,65.4,48.68,37.68,39.98,44.53,1%,407
1/29/2016,1940.24,74.11,50.76,58.21,17.64,66.47,49.99,38.77,41.24,45.42,2%,519
2/1/2016,1939.38,74.56,50.93,57.24,17.56,66.57,49.87,38.93,41.39,45.85,0%,227
2/2/2016,1903.03,73.11,50.28,55.33,17.08,65.61,48.87,38.67,40.65,46.05,-2%,14
2/3/2016,1912.53,72.92,50.17,57.3,17.09,66.04,49.66,39.97,40.6,46.62,0%,392
2/4/2016,1915.45,72.5,49.71,57.27,17.24,65.68,50.52,41.08,40.64,46.42,0%,300
2/5/2016,1880.05,70.16,49.63,55.94,17.01,64.4,50.04,40.61,39.5,46.57,-2%,15
2/8/2016,1853.44,68.8,49.5,55.65,16.58,63.52,49.62,39.54,38.93,46.41,-1%,33
2/9/2016,1852.21,68.69,49.83,54.31,16.56,63.99,49.92,40.03,38.75,46.57,0%,220
2/10/2016,1851.86,68.57,49.77,54.09,16.47,64.56,49.68,39.65,38.83,46.52,0%,240
2/11/2016,1829.08,68.53,49.37,53.86,15.96,63.52,48.69,38.79,38.73,45.7,-1%,45
2/12/2016,1864.78,69.79,50.07,55.28,16.64,64.37,49.67,39.94,39.27,45.56,2%,511
2/16/2016,1895.58,71.48,50.47,55.83,16.91,65.58,50.67,40.55,39.97,45.85,2%,503
2/17/2016,1926.82,73.02,50.99,57.66,17.13,66.41,51.45,41.35,40.79,45.76,2%,502
2/18/2016,1917.83,72.54,50.76,56.94,17.04,66,51.42,41.23,40.63,46.51,0%,124
2/19/2016,1917.78,72.74,50.84,56.81,17.04,65.93,51.32,40.75,40.66,46.2,0%,249
2/22/2016,1945.5,74.15,51.09,58.26,17.3,66.87,52.19,41.53,41.2,46.74,1%,494
2/23/2016,1921.27,73.74,51.08,56.27,17,66.37,51.67,40.51,40.55,46.78,-1%,43
2/24/2016,1929.8,74.17,51.24,56.84,16.96,66.59,51.7,40.93,40.86,47,0%,374
2/25/2016,1951.7,74.91,51.82,56.89,17.19,67.42,52.38,41.46,41.37,47.48,1%,469
2/26/2016,1948.05,74.83,51.09,57.23,17.31,67.3,52.45,42.06,41.26,46.17,0%,181
2/29/2016,1932.23,74.44,50.92,56.58,17.13,66.23,52.12,41.8,40.97,46.3,-1%,77
3/1/2016,1978.35,76.41,51.41,58.06,17.7,67.65,53.14,42.87,42.19,46.07,2%,516
3/2/2016,1986.45,76.34,51.56,59.48,17.9,67.76,53.18,42.7,42.31,46.31,0%,368
3/3/2016,1993.4,76.79,51.82,60.38,18.02,67.57,53.56,42.96,42.31,46.59,0%,352
3/4/2016,1999.99,76.72,52.04,60.96,18.09,67.41,53.78,43.46,42.42,47.11,0%,349
3/7/2016,2001.76,76.39,51.72,62.39,18.08,67.95,53.94,43.96,42.16,47.37,0%,283
3/8/2016,1979.26,75.79,51.87,59.77,17.79,67.12,53.18,43.1,41.9,47.84,-1%,52
3/9/2016,1989.26,75.94,52.26,60.74,17.82,67.24,53.35,43.37,42.26,48.06,1%,396
3/10/2016,1989.57,76.13,52.28,60.79,17.8,67.28,53.27,43.6,42.22,48.1,0%,256
3/11/2016,2022.19,77.3,52.45,62.36,18.26,68.59,54.04,44.4,42.87,48.15,2%,501
3/14/2016,2019.64,77.59,52.42,61.95,18.21,68.3,54.09,44.1,42.92,48.21,0%,201
3/15/2016,2015.93,77.57,52.55,61.83,18.2,67.24,54.06,44.2,43.08,48.3,0%,182
3/16/2016,2027.22,78.2,52.67,62.9,18.16,67.08,54.25,44.57,43.58,49.04,1%,408
3/17/2016,2040.59,78.31,52.99,63.76,18.38,66.3,55.44,45.39,43.74,49.31,1%,421
3/18/2016,2049.58,78.09,52.65,63.49,18.46,66.84,55.63,45.42,43.59,48.63,0%,373
3/21/2016,2051.6,78.13,52.68,63.27,18.43,67.23,55.96,45.63,43.74,48.58,0%,286
3/22/2016,2049.8,78,52.37,62.92,18.37,67.9,55.64,45.11,43.75,48.42,0%,213
3/23/2016,2036.71,77.45,52.38,61.54,18.23,67.42,55.28,44.55,43.5,48.78,-1%,100
3/24/2016,2035.94,77.55,52.32,61.84,18.12,67.39,55.12,44.55,43.62,48.91,0%,230
3/28/2016,2037.05,77.9,52.6,61.51,18.17,67.2,55.14,44.74,43.51,48.73,0%,268
,,,,,,,,,,,,
,,,,,,,,,,,,
,,,,,,,,,,,,
,,,,,,,,,,,,
,,,,,,,,,,,,
,,,,,,,,,,,,
,,,,,,,,,,,,
,,,,,,,,,,,,
,,,,,,,,,,,,
,,,,,,,,,,,,
,,,,,,,,,,,,
,,,,,,,,,,,,
,,,,,,,,,,,,
,,,,,,,,,,,,
,,,,,,,,,,,,
,,,,,,,,,,,,
,,,,,,,,,,,,
,,,,,,,,,,,,
,,,,,,,,,,,,
,,,,,,,,,,,,
,,,,,,,,,,,,
,,,,,,,,,,,,
,,,,,,,,,,,,
,,,,,,,,,,,,
,,,,,,,,,,,,
,,,,,,,,,,,,
,,,,,,,,,,,,
,,,,,,,,,,,,
,,,,,,,,,,,,
,,,,,,,,,,,,
,,,,,,,,,,,,
,,,,,,,,,,,,
,,,,,,,,,,,,
,,,,,,,,,,,,
,,,,,,,,,,,,
,,,,,,,,,,,,
,,,,,,,,,,,,
,,,,,,,,,,,,
,,,,,,,,,,,,
,,,,,,,,,,,,
,,,,,,,,,,,,
,,,,,,,,,,,,
,,,,,,,,,,,,
,,,,,,,,,,,,
,,,,,,,,,,,,
,,,,,,,,,,,,
,,,,,,,,,,,,
,,,,,,,,,,,,
,,,,,,,,,,,,
,,,,,,,,,,,,
,,,,,,,,,,,,
,,,,,,,,,,,,
,,,,,,,,,,,,
,,,,,,,,,,,,
,,,,,,,,,,,,
,,,,,,,,,,,,
,,,,,,,,,,,,
,,,,,,,,,,,,
,,,,,,,,,,,,
,,,,,,,,,,,,
,,,,,,,,,,,,
,,,,,,,,,,,,
,,,,,,,,,,,,
,,,,,,,,,,,,
,,,,,,,,,,,,
,,,,,,,,,,,,
,,,,,,,,,,,,
,,,,,,,,,,,,
,,,,,,,,,,,,
,,,,,,,,,,,,
,,,,,,,,,,,,
,,,,,,,,,,,,
,,,,,,,,,,,,
,,,,,,,,,,,,
,,,,,,,,,,,,
,,,,,,,,,,,,
,,,,,,,,,,,,
,,,,,,,,,,,,
,,,,,,,,,,,,
,,,,,,,,,,,,
,,,,,,,,,,,,
,,,,,,,,,,,,
,,,,,,,,,,,,
,,,,,,,,,,,,
,,,,,,,,,,,,
,,,,,,,,,,,,
,,,,,,,,,,,,
,,,,,,,,,,,,
,,,,,,,,,,,,
,,,,,,,,,,,,
,,,,,,,,,,,,
,,,,,,,,,,,,
,,,,,,,,,,,,
,,,,,,,,,,,,
,,,,,,,,,,,,
,,,,,,,,,,,,
,,,,,,,,,,,,
,,,,,,,,,,,,
,,,,,,,,,,,,
,,,,,,,,,,,,
,,,,,,,,,,,,
,,,,,,,,,,,,
,,,,,,,,,,,,
,,,,,,,,,,,,
,,,,,,,,,,,,
,,,,,,,,,,,,
,,,,,,,,,,,,
,,,,,,,,,,,,
,,,,,,,,,,,,
,,,,,,,,,,,,
,,,,,,,,,,,,
,,,,,,,,,,,,
,,,,,,,,,,,,
,,,,,,,,,,,,
,,,,,,,,,,,,
,,,,,,,,,,,,
,,,,,,,,,,,,
,,,,,,,,,,,,
,,,,,,,,,,,,
,,,,,,,,,,,,
,,,,,,,,,,,,
,,,,,,,,,,,,
,,,,,,,,,,,,
,,,,,,,,,,,,
,,,,,,,,,,,,
,,,,,,,,,,,,
,,,,,,,,,,,,
,,,,,,,,,,,,
,,,,,,,,,,,,
,,,,,,,,,,,,
,,,,,,,,,,,,
,,,,,,,,,,,,
,,,,,,,,,,,,
,,,,,,,,,,,,
,,,,,,,,,,,,
,,,,,,,,,,,,
,,,,,,,,,,,,
,,,,,,,,,,,,
,,,,,,,,,,,,
,,,,,,,,,,,,
,,,,,,,,,,,,
,,,,,,,,,,,,
,,,,,,,,,,,,
,,,,,,,,,,,,
,,,,,,,,,,,,
,,,,,,,,,,,,
,,,,,,,,,,,,
,,,,,,,,,,,,
,,,,,,,,,,,,
,,,,,,,,,,,,
,,,,,,,,,,,,
,,,,,,,,,,,,
,,,,,,,,,,,,
,,,,,,,,,,,,
,,,,,,,,,,,,
,,,,,,,,,,,,
,,,,,,,,,,,,
,,,,,,,,,,,,
,,,,,,,,,,,,
,,,,,,,,,,,,
,,,,,,,,,,,,
,,,,,,,,,,,,
,,,,,,,,,,,,
,,,,,,,,,,,,
,,,,,,,,,,,,
,,,,,,,,,,,,
,,,,,,,,,,,,
,,,,,,,,,,,,
,,,,,,,,,,,,
,,,,,,,,,,,,
,,,,,,,,,,,,
,,,,,,,,,,,,
,,,,,,,,,,,,
,,,,,,,,,,,,
,,,,,,,,,,,,
,,,,,,,,,,,,
,,,,,,,,,,,,
,,,,,,,,,,,,
,,,,,,,,,,,,
,,,,,,,,,,,,
,,,,,,,,,,,,
,,,,,,,,,,,,
,,,,,,,,,,,,
,,,,,,,,,,,,
,,,,,,,,,,,,
,,,,,,,,,,,,
,,,,,,,,,,,,
,,,,,,,,,,,,
,,,,,,,,,,,,
,,,,,,,,,,,,
,,,,,,,,,,,,
,,,,,,,,,,,,
,,,,,,,,,,,,
,,,,,,,,,,,,
,,,,,,,,,,,,
,,,,,,,,,,,,
,,,,,,,,,,,,
,,,,,,,,,,,,
,,,,,,,,,,,,
,,,,,,,,,,,,
,,,,,,,,,,,,
,,,,,,,,,,,,
,,,,,,,,,,,,
,,,,,,,,,,,,
,,,,,,,,,,,,
,,,,,,,,,,,,
,,,,,,,,,,,,
,,,,,,,,,,,,
,,,,,,,,,,,,
,,,,,,,,,,,,
,,,,,,,,,,,,
,,,,,,,,,,,,
,,,,,,,,,,,,
,,,,,,,,,,,,
,,,,,,,,,,,,
,,,,,,,,,,,,
,,,,,,,,,,,,
,,,,,,,,,,,,
,,,,,,,,,,,,
,,,,,,,,,,,,
,,,,,,,,,,,,
,,,,,,,,,,,,
,,,,,,,,,,,,
,,,,,,,,,,,,
,,,,,,,,,,,,
,,,,,,,,,,,,
,,,,,,,,,,,,
,,,,,,,,,,,,
,,,,,,,,,,,,
,,,,,,,,,,,,
,,,,,,,,,,,,
,,,,,,,,,,,,
,,,,,,,,,,,,
,,,,,,,,,,,,
,,,,,,,,,,,,
,,,,,,,,,,,,
,,,,,,,,,,,,
,,,,,,,,,,,,
,,,,,,,,,,,,
,,,,,,,,,,,,
,,,,,,,,,,,,
,,,,,,,,,,,,
,,,,,,,,,,,,
,,,,,,,,,,,,
,,,,,,,,,,,,
,,,,,,,,,,,,
,,,,,,,,,,,,
,,,,,,,,,,,,
,,,,,,,,,,,,
,,,,,,,,,,,,
