,sentiment,totalScores,positive,negative
2017-06-20 00:00:00,0.011426923076923076,104,0.81,0.19
2017-06-21 00:00:00,-0.019177531025473548,1531,0.72,0.28
2017-06-22 00:00:00,-0.029588741721854307,1208,0.75,0.25
2017-06-23 00:00:00,-0.023289134615384618,1040,0.74,0.26
2017-06-24 00:00:00,0.03145959595959596,198,0.83,0.17
2017-06-25 00:00:00,-0.008554260089686098,223,0.78,0.22
2017-06-26 00:00:00,-0.022587979724837073,1381,0.73,0.27
2017-06-27 00:00:00,0.0065764089775561104,2005,0.75,0.25
2017-06-28 00:00:00,0.028464123524069025,2202,0.73,0.27
2017-06-29 00:00:00,0.034965941786550686,2989,0.73,0.27
2017-06-30 00:00:00,0.006012613195342821,1546,0.74,0.26
2017-07-01 00:00:00,-0.026922624434389142,221,0.78,0.22
2017-07-02 00:00:00,0.0026407142857142857,280,0.79,0.21
2017-07-03 00:00:00,-0.0061493695441319106,1031,0.74,0.26
2017-07-04 00:00:00,-0.007728502415458938,414,0.81,0.19
2017-07-05 00:00:00,0.001134807073954984,1244,0.75,0.25
2017-07-06 00:00:00,0.0147003125,1920,0.73,0.27
2017-07-07 00:00:00,0.027883630363036302,1515,0.75,0.25
2017-07-08 00:00:00,0.0859021645021645,231,0.82,0.18
2017-07-09 00:00:00,0.07685830721003135,319,0.82,0.18
2017-07-10 00:00:00,0.037762768496420046,1257,0.76,0.24
2017-07-11 00:00:00,-0.005194838343732275,1763,0.74,0.26
2017-07-12 00:00:00,0.053166611751784734,1821,0.79,0.21
2017-07-13 00:00:00,0.03470839073262367,1597,0.76,0.24
2017-07-14 00:00:00,0.05271817288801572,2036,0.76,0.24
2017-07-15 00:00:00,0.01681886120996441,281,0.79,0.21
2017-07-16 00:00:00,-0.0002241758241758242,364,0.76,0.24
2017-07-17 00:00:00,0.051239574090505766,1127,0.77,0.23
2017-07-18 00:00:00,0.031236870503597122,1668,0.75,0.25
2017-07-19 00:00:00,0.08821312499999999,1600,0.8,0.2
2017-07-20 00:00:00,0.026802731929425155,1757,0.77,0.23
2017-07-21 00:00:00,0.008498996415770609,1395,0.74,0.26
2017-07-22 00:00:00,0.03956984732824428,262,0.84,0.16
2017-07-23 00:00:00,0.05777829457364341,258,0.81,0.19
2017-07-24 00:00:00,0.03928452261306532,995,0.79,0.21
2017-07-25 00:00:00,0.038658222591362125,1204,0.79,0.21
2017-07-26 00:00:00,0.018975770609318997,1395,0.78,0.22
2017-07-27 00:00:00,-0.020694065718489457,2039,0.73,0.27
2017-07-28 00:00:00,-0.0028304529201430275,1678,0.74,0.26
2017-07-29 00:00:00,-0.022469198312236285,237,0.79,0.21
2017-07-30 00:00:00,0.03479225,400,0.83,0.17
2017-07-31 00:00:00,-0.0059965877437325905,1436,0.76,0.24
2017-08-01 00:00:00,0.007529019073569483,1468,0.76,0.24
2017-08-02 00:00:00,-0.0027600341102899375,1759,0.73,0.27
2017-08-03 00:00:00,-0.0017591885441527446,1676,0.74,0.26
2017-08-04 00:00:00,0.026188696172248806,1672,0.76,0.24
2017-08-05 00:00:00,-0.022358490566037736,265,0.77,0.23
2017-08-06 00:00:00,0.0826925925925926,270,0.84,0.16
2017-08-07 00:00:00,0.04933676207513416,1118,0.78,0.22
2017-08-08 00:00:00,0.04293151515151515,2475,0.77,0.23
2017-08-09 00:00:00,0.030070321896002828,2827,0.75,0.25
2017-08-10 00:00:00,0.013463681332986201,3841,0.73,0.27
2017-08-11 00:00:00,0.023622175572519083,2620,0.75,0.25
2017-08-12 00:00:00,0.02262929292929293,396,0.83,0.17
2017-08-13 00:00:00,0.061998089171974524,628,0.84,0.16
2017-08-14 00:00:00,0.025936,2075,0.74,0.26
2017-08-15 00:00:00,0.012218284424379233,1772,0.74,0.26
2017-08-16 00:00:00,-0.004014099326599327,2376,0.75,0.25
2017-08-17 00:00:00,-0.03712275862068966,3915,0.7,0.3
2017-08-18 00:00:00,0.015266873940079142,3538,0.73,0.27
2017-08-19 00:00:00,0.0023561538461538464,390,0.8,0.2
2017-08-20 00:00:00,0.03429301948051948,616,0.77,0.23
2017-08-21 00:00:00,0.0578265306122449,2156,0.75,0.25
2017-08-22 00:00:00,0.0852279238095238,2625,0.77,0.23
2017-08-23 00:00:00,-0.010736521491602619,3513,0.74,0.26
2017-08-24 00:00:00,-0.013528231292517007,2940,0.73,0.27
2017-08-25 00:00:00,0.019020646178092987,2538,0.76,0.24
2017-08-26 00:00:00,-0.022069476744186047,344,0.8,0.2
2017-08-27 00:00:00,-0.011024568965517241,464,0.75,0.25
2017-08-28 00:00:00,0.01683044982698962,2601,0.76,0.24
2017-08-29 00:00:00,0.03751640169581347,3774,0.74,0.26
2017-08-30 00:00:00,0.04442147887323943,3124,0.78,0.22
2017-08-31 00:00:00,0.09526171380329253,2369,0.78,0.22
2017-09-01 00:00:00,0.10120914841849149,2055,0.79,0.21
2017-09-02 00:00:00,0.0511608,250,0.81,0.19
2017-09-03 00:00:00,0.033563566634707574,1043,0.79,0.21
2017-09-04 00:00:00,0.005943947655398037,917,0.78,0.22
2017-09-05 00:00:00,0.03202476843910806,2915,0.74,0.26
2017-09-06 00:00:00,0.02348929780033841,2364,0.76,0.24
2017-09-07 00:00:00,0.009743955094991364,2316,0.77,0.23
2017-09-08 00:00:00,0.004937698412698413,2016,0.75,0.25
2017-09-09 00:00:00,0.018992307692307694,234,0.88,0.12
2017-09-10 00:00:00,0.03504858870967742,496,0.82,0.18
2017-09-11 00:00:00,0.06598872143898882,2057,0.77,0.23
2017-09-12 00:00:00,0.012279944444444444,1800,0.73,0.27
2017-09-13 00:00:00,-0.026263423645320198,1624,0.73,0.27
2017-09-14 00:00:00,0.015004152418172935,2047,0.77,0.23
2017-09-15 00:00:00,0.039298650234741786,1704,0.78,0.22
2017-09-16 00:00:00,0.0035379446640316204,253,0.81,0.19
2017-09-17 00:00:00,0.0741265664160401,399,0.82,0.18
2017-09-18 00:00:00,0.041241834743005856,1537,0.75,0.25
2017-09-19 00:00:00,0.033493761581222976,1619,0.78,0.22
2017-09-20 00:00:00,0.008378971193415638,2430,0.75,0.25
2017-09-21 00:00:00,-0.0033050767414403775,1694,0.75,0.25
2017-09-22 00:00:00,-0.01001162566328992,2073,0.72,0.28
2017-09-23 00:00:00,-0.005409433962264151,371,0.82,0.18
2017-09-24 00:00:00,-0.00645050505050505,495,0.79,0.21
2017-09-25 00:00:00,-0.020775180972078595,1934,0.72,0.28
2017-09-26 00:00:00,-0.007819766206163654,1882,0.75,0.25
2017-09-27 00:00:00,0.013060869565217391,2369,0.76,0.24
2017-09-28 00:00:00,0.05455609031491384,1683,0.78,0.22
2017-09-29 00:00:00,0.04336074254412659,1643,0.79,0.21
2017-09-30 00:00:00,0.0012475903614457833,332,0.79,0.21
2017-10-01 00:00:00,0.043120229885057475,435,0.82,0.18
2017-10-02 00:00:00,0.029269375907111757,2067,0.75,0.25
2017-10-03 00:00:00,0.08995767613038906,1902,0.77,0.23
2017-10-04 00:00:00,0.01307432735426009,1784,0.75,0.25
2017-10-05 00:00:00,0.07807253460207612,2312,0.79,0.21
2017-10-06 00:00:00,0.02748696837513631,1834,0.75,0.25
2017-10-07 00:00:00,0.06410550161812298,309,0.83,0.17
2017-10-08 00:00:00,0.05648442822384428,411,0.84,0.16
2017-10-09 00:00:00,0.01690956937799043,1463,0.74,0.26
2017-10-10 00:00:00,0.033969483315392894,1858,0.75,0.25
2017-10-11 00:00:00,0.060307111834962,1842,0.78,0.22
2017-10-12 00:00:00,0.006180734463276836,1770,0.74,0.26
2017-10-13 00:00:00,-0.0012344105326152004,1671,0.75,0.25
2017-10-14 00:00:00,-0.04720965517241379,290,0.78,0.22
2017-10-15 00:00:00,0.012087417218543046,302,0.8,0.2
2017-10-16 00:00:00,-0.009212864622288706,1337,0.73,0.27
2017-10-17 00:00:00,0.01073514450867052,1730,0.75,0.25
2017-10-18 00:00:00,0.017535504070131498,1597,0.75,0.25
2017-10-19 00:00:00,-0.019763721940622737,2762,0.69,0.31
2017-10-20 00:00:00,0.07546241032998566,2091,0.79,0.21
2017-10-21 00:00:00,0.005917538461538462,325,0.82,0.18
2017-10-22 00:00:00,0.07274041994750656,381,0.81,0.19
2017-10-23 00:00:00,-0.022227552204176337,1724,0.72,0.28
2017-10-24 00:00:00,0.009702051835853131,1852,0.76,0.24
2017-10-25 00:00:00,0.022352653213751867,2676,0.72,0.28
2017-10-26 00:00:00,0.017648275862068966,1537,0.77,0.23
2017-10-27 00:00:00,0.08587088607594937,1580,0.81,0.19
2017-10-28 00:00:00,0.06481786666666667,375,0.86,0.14
2017-10-29 00:00:00,0.07213842105263159,380,0.84,0.16
2017-10-30 00:00:00,0.017068387507966857,1569,0.8,0.2
2017-10-31 00:00:00,0.029833681672025724,1244,0.8,0.2
2017-11-01 00:00:00,0.04061280453257791,1765,0.79,0.21
2017-11-02 00:00:00,0.021774335378323108,1956,0.78,0.22
2017-11-03 00:00:00,0.04318235294117647,1224,0.78,0.22
2017-11-04 00:00:00,-0.013334962406015038,266,0.79,0.21
2017-11-05 00:00:00,0.03169068493150685,365,0.79,0.21
2017-11-06 00:00:00,0.04953052050473186,1268,0.78,0.22
2017-11-07 00:00:00,-0.019141653666146643,1923,0.72,0.28
2017-11-08 00:00:00,0.025826256652868123,1691,0.77,0.23
2017-11-09 00:00:00,0.004469993876301286,3266,0.72,0.28
2017-11-10 00:00:00,-0.03773822857142857,1750,0.68,0.32
2017-11-11 00:00:00,-0.01828221343873518,253,0.78,0.22
2017-11-12 00:00:00,0.0008729824561403509,285,0.79,0.21
2017-11-13 00:00:00,0.04842423288749016,1271,0.76,0.24
2017-11-14 00:00:00,-0.005953522554485555,1973,0.72,0.28
2017-11-15 00:00:00,0.019400061977068485,3227,0.74,0.26
2017-11-16 00:00:00,0.050023590333716915,2607,0.78,0.22
2017-11-17 00:00:00,0.05335901106050748,1537,0.8,0.2
2017-11-18 00:00:00,0.006580970149253731,268,0.81,0.19
2017-11-19 00:00:00,-0.02226448275862069,290,0.81,0.19
2017-11-20 00:00:00,0.05015935828877006,1309,0.79,0.21
2017-11-21 00:00:00,0.06711632653061224,1911,0.79,0.21
2017-11-22 00:00:00,0.015632325268817204,1488,0.75,0.25
2017-11-23 00:00:00,-0.05240526315789473,228,0.74,0.26
2017-11-24 00:00:00,0.05938947368421052,570,0.79,0.21
2017-11-25 00:00:00,0.05889230769230769,169,0.86,0.14
2017-11-26 00:00:00,0.089629296875,256,0.86,0.14
2017-11-27 00:00:00,-0.0037294403892944037,1233,0.75,0.25
2017-11-28 00:00:00,0.04301236842105263,2660,0.77,0.23
2017-11-29 00:00:00,0.0003941986234021632,2034,0.75,0.25
2017-11-30 00:00:00,0.013870319108035371,2601,0.74,0.26
2017-12-01 00:00:00,0.02231220930232558,3956,0.77,0.23
2017-12-02 00:00:00,0.053454922279792746,1158,0.86,0.14
2017-12-03 00:00:00,0.06056183908045977,870,0.81,0.19
2017-12-04 00:00:00,-0.009746313506815365,3228,0.71,0.29
2017-12-05 00:00:00,-0.026231400090620752,2207,0.73,0.27
2017-12-06 00:00:00,-0.01063965601965602,2035,0.73,0.27
2017-12-07 00:00:00,0.019843481138318995,1511,0.76,0.24
2017-12-08 00:00:00,0.04577259580621836,1383,0.78,0.22
2017-12-09 00:00:00,0.08916748251748251,286,0.87,0.13
2017-12-10 00:00:00,0.012776556776556777,273,0.81,0.19
2017-12-11 00:00:00,0.04140662598081953,1147,0.78,0.22
2017-12-12 00:00:00,0.026913846153846153,1495,0.76,0.24
2017-12-13 00:00:00,0.026765642737896493,2995,0.79,0.21
2017-12-14 00:00:00,-0.022691430020283978,1972,0.72,0.28
2017-12-15 00:00:00,0.09172862300154719,1939,0.81,0.19
2017-12-16 00:00:00,0.06017753424657534,365,0.83,0.17
2017-12-17 00:00:00,0.0464,356,0.81,0.19
2017-12-18 00:00:00,0.033884933426769445,1427,0.76,0.24
2017-12-19 00:00:00,-0.008948976608187135,1368,0.75,0.25
2017-12-20 00:00:00,-0.008065827338129496,1668,0.75,0.25
2017-12-21 00:00:00,-0.015344091279543602,1227,0.71,0.29
2017-12-22 00:00:00,-0.013560399159663864,952,0.71,0.29
2017-12-23 00:00:00,0.05101848341232228,211,0.83,0.17
2017-12-24 00:00:00,0.025927131782945735,129,0.82,0.18
2017-12-25 00:00:00,0.11435931034482759,145,0.89,0.11
2017-12-26 00:00:00,-0.01677363770250368,679,0.72,0.28
2017-12-27 00:00:00,0.014717927823050057,859,0.74,0.26
2017-12-28 00:00:00,-0.0013915816326530613,784,0.75,0.25
2017-12-29 00:00:00,-0.026624907885040534,1357,0.69,0.31
2017-12-30 00:00:00,-0.015952029520295206,271,0.75,0.25
2017-12-31 00:00:00,-0.006983766233766233,154,0.79,0.21
2018-01-01 00:00:00,0.021215584415584413,308,0.79,0.21
2018-01-02 00:00:00,0.062344675324675324,1155,0.75,0.25
2018-01-03 00:00:00,0.07462849162011173,1432,0.77,0.23
2018-01-04 00:00:00,0.07614946164199193,1486,0.77,0.23
2018-01-05 00:00:00,0.08064940923737916,1862,0.78,0.22
2018-01-06 00:00:00,0.10583148688046647,343,0.84,0.16
2018-01-07 00:00:00,0.07131684210526316,380,0.82,0.18
2018-01-08 00:00:00,0.08515748829953197,1282,0.79,0.21
2018-01-09 00:00:00,0.04525536038764385,1651,0.73,0.27
2018-01-10 00:00:00,0.029018774373259056,1795,0.71,0.29
2018-01-11 00:00:00,0.05306824644549763,1688,0.76,0.24
2018-01-12 00:00:00,0.05339600399600399,2002,0.77,0.23
2018-01-13 00:00:00,0.028651183431952665,338,0.82,0.18
2018-01-14 00:00:00,0.09154119601328903,301,0.84,0.16
2018-01-15 00:00:00,0.051964788732394365,497,0.78,0.22
2018-01-16 00:00:00,0.024665827612509534,2622,0.72,0.28
2018-01-17 00:00:00,0.03520362225097025,2319,0.73,0.27
2018-01-18 00:00:00,0.039318918918918914,1850,0.74,0.26
2018-01-19 00:00:00,0.04350022192632046,2253,0.77,0.23
2018-01-20 00:00:00,0.021663313609467452,845,0.79,0.21
2018-01-21 00:00:00,0.002710731707317073,820,0.77,0.23
2018-01-22 00:00:00,0.03857090980085904,2561,0.74,0.26
2018-01-23 00:00:00,0.06056589861751152,2170,0.77,0.23
2018-01-24 00:00:00,-0.004641466420209489,3246,0.69,0.31
2018-01-25 00:00:00,-0.0022574324324324325,2368,0.71,0.29
2018-01-26 00:00:00,0.08099992486851991,2662,0.78,0.22
2018-01-27 00:00:00,0.06706580796252927,427,0.8,0.2
2018-01-28 00:00:00,0.08883172588832487,394,0.81,0.19
2018-01-29 00:00:00,0.034806390977443605,266,0.75,0.25
2018-01-30 00:00:00,0.03129842814371258,2672,0.72,0.28
2018-01-31 00:00:00,0.008129706744868036,3410,0.77,0.23
2018-02-01 00:00:00,-0.019446449588073754,2549,0.72,0.28
2018-02-02 00:00:00,-0.02408503847894975,4418,0.7,0.3
2018-02-03 00:00:00,-0.048927083333333336,768,0.68,0.32
2018-02-04 00:00:00,-0.03887910614525139,895,0.72,0.28
2018-02-05 00:00:00,-0.015529451503940807,6217,0.71,0.29
2018-02-06 00:00:00,-0.008474724467303452,6805,0.71,0.29
2018-02-07 00:00:00,-0.026843191800878477,4098,0.7,0.3
2018-02-08 00:00:00,-0.02079748653500898,5013,0.7,0.3
2018-02-09 00:00:00,0.006296451307056752,7383,0.71,0.29
2018-02-10 00:00:00,0.02060965250965251,777,0.75,0.25
2018-02-11 00:00:00,0.04205471698113208,742,0.78,0.22
2018-02-12 00:00:00,0.022651004016064256,4233,0.72,0.28
2018-02-13 00:00:00,0.024025445292620864,3537,0.74,0.26
2018-02-14 00:00:00,0.04756773281114012,4596,0.75,0.25
2018-02-15 00:00:00,0.033456673306772905,4016,0.72,0.28
2018-02-16 00:00:00,0.026711116937598322,3814,0.74,0.26
2018-02-17 00:00:00,0.034224484536082476,388,0.74,0.26
2018-02-18 00:00:00,0.013260769230769232,390,0.79,0.21
2018-02-19 00:00:00,-0.04915549872122762,782,0.7,0.3
2018-02-20 00:00:00,-0.02490143950995406,3265,0.69,0.31
2018-02-21 00:00:00,-0.022079369560103503,4251,0.7,0.3
2018-02-22 00:00:00,-0.049140572427354166,4577,0.67,0.33
2018-02-23 00:00:00,0.02647088910133843,4184,0.72,0.28
2018-02-24 00:00:00,0.07667544642857142,448,0.81,0.19
2018-02-25 00:00:00,-0.0016072834645669291,508,0.77,0.23
2018-02-26 00:00:00,-0.010576463262764632,3212,0.69,0.31
2018-02-27 00:00:00,0.0062234308636149125,4238,0.73,0.27
2018-02-28 00:00:00,-0.010329682997118155,4164,0.71,0.29
2018-03-01 00:00:00,0.003930079378483364,5921,0.72,0.28
2018-03-02 00:00:00,0.006766559226430297,4964,0.72,0.28
2018-03-03 00:00:00,0.019324346405228756,612,0.81,0.19
2018-03-04 00:00:00,-0.02775520833333333,672,0.76,0.24
2018-03-05 00:00:00,0.018308354646206306,3519,0.73,0.27
2018-03-06 00:00:00,0.014838984746186546,3999,0.74,0.26
2018-03-07 00:00:00,-0.004809288079470199,6040,0.72,0.28
2018-03-08 00:00:00,-0.006973878871937124,4326,0.74,0.26
2018-03-09 00:00:00,0.021921875,4064,0.73,0.27
2018-03-10 00:00:00,0.0938201652892562,605,0.81,0.19
2018-03-11 00:00:00,0.07040623853211009,545,0.79,0.21
2018-03-12 00:00:00,0.056365030467163166,2954,0.75,0.25
2018-03-13 00:00:00,-0.026455524224557807,3901,0.71,0.29
2018-03-14 00:00:00,-0.011926154212279867,4202,0.72,0.28
2018-03-15 00:00:00,-0.011392568617296739,3862,0.7,0.3
2018-03-16 00:00:00,0.017029572225666458,3226,0.74,0.26
2018-03-17 00:00:00,0.054080419580419585,429,0.85,0.15
2018-03-18 00:00:00,0.05074315352697096,482,0.82,0.18
2018-03-19 00:00:00,0.013648112087390168,4211,0.71,0.29
2018-03-20 00:00:00,-0.04356192498230715,2826,0.68,0.32
2018-03-21 00:00:00,-0.002320592054011945,3851,0.74,0.26
2018-03-22 00:00:00,-0.011603198624247635,5815,0.72,0.28
2018-03-23 00:00:00,-0.026861235532842326,6653,0.71,0.29
2018-03-24 00:00:00,-0.01108782122905028,895,0.72,0.28
2018-03-25 00:00:00,0.026429971988795518,1071,0.76,0.24
2018-03-26 00:00:00,0.015731594143122293,4849,0.7,0.3
2018-03-27 00:00:00,-0.03659002442996743,4912,0.69,0.31
2018-03-28 00:00:00,-0.030276808629347216,5377,0.69,0.31
2018-03-29 00:00:00,0.0015415196743554954,3685,0.72,0.28
2018-03-30 00:00:00,0.07510221238938053,452,0.82,0.18
2018-03-31 00:00:00,0.04453533834586466,266,0.81,0.19
2018-04-01 00:00:00,-0.028425412541254125,606,0.76,0.24
2018-04-02 00:00:00,-0.017749330628803246,4930,0.71,0.29
2018-04-03 00:00:00,0.0017180977542932629,4542,0.73,0.27
2018-04-04 00:00:00,0.01742684521955777,6422,0.73,0.27
2018-04-05 00:00:00,0.012326915477497254,4555,0.74,0.26
2018-04-06 00:00:00,-0.009483463159238922,7831,0.74,0.26
2018-04-07 00:00:00,-0.010972494887525563,978,0.75,0.25
2018-04-08 00:00:00,0.008077903225806453,1240,0.77,0.23
2018-04-09 00:00:00,0.0034908033033033033,5328,0.73,0.27
2018-04-10 00:00:00,0.008896514129967007,6971,0.75,0.25
2018-04-11 00:00:00,-0.02123215692992976,5837,0.74,0.26
2018-04-12 00:00:00,0.012931106264869152,5044,0.75,0.25
2018-04-13 00:00:00,-0.02630434426229508,4880,0.71,0.29
2018-04-14 00:00:00,0.018584254278728608,2045,0.83,0.17
2018-04-15 00:00:00,-0.01971158113730929,1442,0.75,0.25
2018-04-16 00:00:00,-0.04967799065420561,4280,0.69,0.31
2018-04-17 00:00:00,-0.0242775399543379,3504,0.69,0.31
2018-04-18 00:00:00,-0.028435209235209237,3465,0.7,0.3
2018-04-19 00:00:00,-0.019014152751163426,3653,0.7,0.3
2018-04-20 00:00:00,-0.03395277625068719,3638,0.71,0.29
2018-04-21 00:00:00,0.018291204588910134,523,0.79,0.21
2018-04-22 00:00:00,0.025656756756756757,740,0.8,0.2
2018-04-23 00:00:00,-0.024219598315516684,3087,0.71,0.29
2018-04-24 00:00:00,-0.02564596979799961,5099,0.7,0.3
2018-04-25 00:00:00,0.0007821693015809486,4997,0.72,0.28
2018-04-26 00:00:00,9.34961439588689e-05,3890,0.72,0.28
2018-04-27 00:00:00,-0.010679768605378361,3198,0.73,0.27
2018-04-28 00:00:00,-0.039296573875803,467,0.76,0.24
2018-04-29 00:00:00,-0.04181263888888889,720,0.76,0.24
2018-04-30 00:00:00,-0.039667998667998666,3003,0.7,0.3
2018-05-01 00:00:00,0.009519355663513168,3911,0.72,0.28
2018-05-02 00:00:00,-0.026910853950518756,3759,0.71,0.29
2018-05-03 00:00:00,0.006163336766220391,4855,0.72,0.28
2018-05-04 00:00:00,-0.0020404865876481595,4809,0.71,0.29
2018-05-05 00:00:00,0.009297376543209876,648,0.79,0.21
2018-05-06 00:00:00,0.0468635499207607,631,0.79,0.21
2018-05-07 00:00:00,-0.029319243243243243,3700,0.7,0.3
2018-05-08 00:00:00,0.007933626126126126,4440,0.76,0.24
2018-05-09 00:00:00,0.0293476012793177,3752,0.75,0.25
2018-05-10 00:00:00,0.023005462624150548,3826,0.71,0.29
2018-05-11 00:00:00,-0.010246496437054631,3368,0.71,0.29
2018-05-12 00:00:00,0.04746928406466513,433,0.79,0.21
2018-05-13 00:00:00,0.07103282442748092,524,0.8,0.2
2018-05-14 00:00:00,0.013890504807692307,2496,0.71,0.29
2018-05-15 00:00:00,-0.033442550274223035,4376,0.68,0.32
2018-05-16 00:00:00,-0.013274779390834046,3513,0.71,0.29
2018-05-17 00:00:00,-0.00907022645393721,3886,0.71,0.29
2018-05-18 00:00:00,-0.04022066859530697,3111,0.7,0.3
2018-05-19 00:00:00,0.03750675909878683,577,0.8,0.2
2018-05-20 00:00:00,0.03862914714151828,1067,0.76,0.24
2018-05-21 00:00:00,0.01776359430604982,2810,0.73,0.27
2018-05-22 00:00:00,-0.03225193199381762,2588,0.71,0.29
2018-05-23 00:00:00,0.004240884798099763,3368,0.72,0.28
2018-05-24 00:00:00,0.04394702926396689,3383,0.74,0.26
2018-05-25 00:00:00,0.022626687722068693,2533,0.74,0.26
2018-05-26 00:00:00,0.019360169491525425,354,0.78,0.22
2018-05-27 00:00:00,0.028641242937853105,354,0.81,0.19
2018-05-28 00:00:00,-0.05413343065693431,685,0.72,0.28
2018-05-29 00:00:00,0.005088702605107041,3877,0.71,0.29
2018-05-30 00:00:00,-0.02091971544715447,2952,0.7,0.3
2018-05-31 00:00:00,-0.004098691028088355,3667,0.74,0.26
2018-06-01 00:00:00,0.0217939813421607,3323,0.76,0.24
2018-06-02 00:00:00,0.04522719298245614,456,0.81,0.19
2018-06-03 00:00:00,0.028125040387722136,619,0.78,0.22
2018-06-04 00:00:00,0.029936810856658183,2358,0.74,0.26
2018-06-05 00:00:00,-0.0010167606768734891,2482,0.72,0.28
2018-06-06 00:00:00,0.040279168213887856,2693,0.73,0.27
2018-06-07 00:00:00,0.011849500713266762,2804,0.71,0.29
2018-06-08 00:00:00,0.018140740740740742,2511,0.74,0.26
2018-06-09 00:00:00,0.021095366795366798,518,0.83,0.17
2018-06-10 00:00:00,-0.0263008281573499,966,0.75,0.25
2018-06-11 00:00:00,-0.004604096204434423,2661,0.72,0.28
2018-06-12 00:00:00,-0.017001354757403907,3174,0.74,0.26
2018-06-13 00:00:00,-0.012727199762187872,3364,0.73,0.27
2018-06-14 00:00:00,-0.027923181114551082,2584,0.71,0.29
2018-06-15 00:00:00,-0.014285697115384615,3328,0.74,0.26
2018-06-16 00:00:00,0.016067875647668393,386,0.79,0.21
2018-06-17 00:00:00,-0.03513717693836978,503,0.73,0.27
2018-06-18 00:00:00,-0.021362078272604588,2964,0.69,0.31
2018-06-19 00:00:00,-0.006140868032606301,4539,0.72,0.28
2018-06-20 00:00:00,0.02340132596685083,2715,0.74,0.26
2018-06-21 00:00:00,0.023988597972972973,3552,0.73,0.27
2018-06-22 00:00:00,0.037100544111931595,2573,0.75,0.25
2018-06-23 00:00:00,-0.006644520547945205,438,0.76,0.24
2018-06-24 00:00:00,0.01630645933014354,836,0.77,0.23
2018-06-25 00:00:00,-0.007539776580889687,5013,0.71,0.29
2018-06-26 00:00:00,0.02683801242236025,3220,0.73,0.27
2018-06-27 00:00:00,-0.011235624999999999,4640,0.71,0.29
2018-06-28 00:00:00,0.0400098641049672,4268,0.74,0.26
2018-06-29 00:00:00,0.032591315275062836,3581,0.75,0.25
2018-06-30 00:00:00,-0.011910805084745762,472,0.78,0.22
2018-07-01 00:00:00,-0.043570546318289785,842,0.73,0.27
2018-07-02 00:00:00,0.030112273361227335,3585,0.74,0.26
2018-07-03 00:00:00,-0.010550736049298185,2921,0.73,0.27
2018-07-04 00:00:00,-0.01119336437718277,859,0.78,0.22
2018-07-05 00:00:00,-0.02440371352785146,4147,0.71,0.29
2018-07-06 00:00:00,-0.025082540225950016,5842,0.71,0.29
2018-07-07 00:00:00,-0.02320690537084399,782,0.73,0.27
2018-07-08 00:00:00,-0.014807605344295992,973,0.76,0.24
2018-07-09 00:00:00,0.020569898819561554,3558,0.73,0.27
2018-07-10 00:00:00,-0.01880901846452867,5145,0.7,0.3
2018-07-11 00:00:00,-0.008654703513909224,5464,0.71,0.29
2018-07-12 00:00:00,0.0216016181988743,4264,0.74,0.26
2018-07-13 00:00:00,0.02779887288666249,3194,0.75,0.25
2018-07-14 00:00:00,-0.02017334525939177,559,0.76,0.24
2018-07-15 00:00:00,-0.006714471968709257,767,0.79,0.21
2018-07-16 00:00:00,-0.005366827940731782,3307,0.75,0.25
2018-07-17 00:00:00,0.05131963974433469,3442,0.75,0.25
2018-07-18 00:00:00,0.0707896881644224,2822,0.77,0.23
2018-07-19 00:00:00,0.024520367437440606,3157,0.75,0.25
2018-07-20 00:00:00,-0.016778474576271185,3540,0.75,0.25
2018-07-21 00:00:00,0.0005118329466357308,431,0.78,0.22
2018-07-22 00:00:00,0.040054355400696864,574,0.81,0.19
2018-07-23 00:00:00,6.733128834355828e-05,2608,0.73,0.27
2018-07-24 00:00:00,0.01058128785463819,3137,0.72,0.28
2018-07-25 00:00:00,0.03665777998017839,4036,0.75,0.25
2018-07-26 00:00:00,0.016296768402154396,2785,0.75,0.25
2018-07-27 00:00:00,0.0037304685254383445,3479,0.72,0.28
2018-07-28 00:00:00,-0.0038985989492119092,571,0.77,0.23
2018-07-29 00:00:00,-0.002896883852691218,706,0.75,0.25
2018-07-30 00:00:00,-0.008431866257250085,2931,0.7,0.3
2018-07-31 00:00:00,0.008743014174139427,3457,0.74,0.26
2018-08-01 00:00:00,0.007919444444444444,3240,0.74,0.26
2018-08-02 00:00:00,-0.02813713140566848,3493,0.7,0.3
2018-08-03 00:00:00,0.03067442845046571,2362,0.76,0.24
2018-08-04 00:00:00,0.05802351885098743,557,0.81,0.19
2018-08-05 00:00:00,0.04399511201629328,491,0.8,0.2
2018-08-06 00:00:00,0.0645096411586684,2313,0.76,0.24
2018-08-07 00:00:00,0.0381019793814433,2425,0.76,0.24
2018-08-08 00:00:00,-0.0016073141958316947,2543,0.72,0.28
2018-08-09 00:00:00,0.0011431519699812384,2665,0.71,0.29
2018-08-10 00:00:00,-0.027144495810459406,3461,0.69,0.31
2018-08-11 00:00:00,0.0029216560509554143,471,0.75,0.25
2018-08-12 00:00:00,-0.02904244415243101,761,0.72,0.28
2018-08-13 00:00:00,-0.025639677601809956,3536,0.68,0.32
2018-08-14 00:00:00,-0.00013646055437100213,2814,0.7,0.3
2018-08-15 00:00:00,0.009231041507512097,3927,0.71,0.29
2018-08-16 00:00:00,0.01915025245025245,3367,0.73,0.27
2018-08-17 00:00:00,0.03665687128712871,2525,0.75,0.25
2018-08-18 00:00:00,-0.012958378378378379,370,0.75,0.25
2018-08-19 00:00:00,0.03466762402088773,383,0.79,0.21
2018-08-20 00:00:00,0.04426923076923077,2054,0.75,0.25
2018-08-21 00:00:00,0.04630322432058959,4342,0.74,0.26
2018-08-22 00:00:00,0.027069827801347642,4007,0.74,0.26
2018-08-23 00:00:00,0.03076403641881639,3295,0.74,0.26
2018-08-24 00:00:00,0.0666501406469761,2844,0.75,0.25
2018-08-25 00:00:00,0.05032768273716952,643,0.77,0.23
2018-08-26 00:00:00,0.05990816666666666,600,0.83,0.17
2018-08-27 00:00:00,0.030785190359762488,2863,0.75,0.25
2018-08-28 00:00:00,0.015097582417582418,2730,0.71,0.29
2018-08-29 00:00:00,0.04675965817478233,3101,0.75,0.25
2018-08-30 00:00:00,-0.021182524032536357,4057,0.69,0.31
2018-08-31 00:00:00,-0.00038815361890694243,3385,0.73,0.27
2018-09-01 00:00:00,-0.04069938144329897,485,0.75,0.25
2018-09-02 00:00:00,-0.018476875,480,0.73,0.27
2018-09-03 00:00:00,-0.007565684830633285,679,0.76,0.24
2018-09-04 00:00:00,-0.007943246110325318,2828,0.7,0.3
2018-09-05 00:00:00,-0.016776421282798833,2744,0.71,0.29
2018-09-06 00:00:00,0.033056377799415775,3081,0.75,0.25
2018-09-07 00:00:00,0.005244792899408284,3380,0.73,0.27
2018-09-08 00:00:00,-0.013575659229208925,493,0.77,0.23
2018-09-09 00:00:00,-0.012468431771894094,491,0.79,0.21
2018-09-10 00:00:00,-0.008934686971235195,2364,0.72,0.28
2018-09-11 00:00:00,0.032512677135197246,2611,0.74,0.26
2018-09-12 00:00:00,0.028904642233856897,2865,0.75,0.25
2018-09-13 00:00:00,0.0021474568362109194,2143,0.72,0.28
2018-09-14 00:00:00,0.03723329452852153,2577,0.74,0.26
2018-09-15 00:00:00,-0.003360869565217391,506,0.78,0.22
2018-09-16 00:00:00,-0.03349853801169591,684,0.75,0.25
2018-09-17 00:00:00,-0.016880340940335442,3637,0.74,0.26
2018-09-18 00:00:00,0.01428584827586207,3625,0.74,0.26
2018-09-19 00:00:00,0.010246403385049365,2127,0.73,0.27
2018-09-20 00:00:00,0.027345771144278604,2814,0.74,0.26
2018-09-21 00:00:00,-0.020583576956147893,2326,0.73,0.27
2018-09-22 00:00:00,-0.03890710280373832,535,0.75,0.25
2018-09-23 00:00:00,-0.051940234375,512,0.72,0.28
2018-09-24 00:00:00,0.011621901757548446,2219,0.74,0.26
2018-09-25 00:00:00,0.030549816465652857,1907,0.75,0.25
2018-09-26 00:00:00,-0.006900648148148148,3240,0.74,0.26
2018-09-27 00:00:00,-0.004438464337700145,2748,0.75,0.25
2018-09-28 00:00:00,-0.022104592314901594,2134,0.74,0.26
2018-09-29 00:00:00,0.029257411764705882,425,0.81,0.19
2018-09-30 00:00:00,-0.007000604838709678,496,0.8,0.2
2018-10-01 00:00:00,0.0014410794602698652,2668,0.75,0.25
2018-10-02 00:00:00,-0.006783016241299304,2155,0.72,0.28
2018-10-03 00:00:00,-0.0040013756209400075,2617,0.71,0.29
2018-10-04 00:00:00,0.0073606045081967214,3904,0.71,0.29
2018-10-05 00:00:00,0.009133760802899358,3587,0.72,0.28
2018-10-06 00:00:00,-0.004591651865008881,563,0.76,0.24
2018-10-07 00:00:00,-0.0018917613636363637,704,0.74,0.26
2018-10-08 00:00:00,0.015320713867758923,3418,0.71,0.29
2018-10-09 00:00:00,0.026315843489416294,3118,0.74,0.26
2018-10-10 00:00:00,-0.01598939393939394,7194,0.72,0.28
2018-10-11 00:00:00,-0.01713923611111111,8352,0.71,0.29
2018-10-12 00:00:00,0.025445317064787767,5819,0.72,0.28
2018-10-13 00:00:00,0.03757657992565056,538,0.74,0.26
2018-10-14 00:00:00,-0.015410237068965518,928,0.75,0.25
2018-10-15 00:00:00,0.02270332395806699,3911,0.74,0.26
2018-10-16 00:00:00,0.03504507821901324,4155,0.72,0.28
2018-10-17 00:00:00,0.034423833333333334,3600,0.74,0.26
2018-10-18 00:00:00,-0.005092247367241766,4463,0.71,0.29
2018-10-19 00:00:00,0.008829924884904288,4127,0.73,0.27
2018-10-20 00:00:00,-0.03977196581196581,585,0.71,0.29
2018-10-21 00:00:00,-0.06450876404494382,890,0.7,0.3
2018-10-22 00:00:00,0.01732620655163791,3999,0.72,0.28
2018-10-23 00:00:00,0.0031225134196400375,6334,0.72,0.28
2018-10-24 00:00:00,-0.012391562740569668,6495,0.71,0.29
2018-10-25 00:00:00,0.017623292402148886,5212,0.7,0.3
2018-10-26 00:00:00,-1.7912291537986414e-05,6476,0.72,0.28
2018-10-27 00:00:00,0.03458071693448702,809,0.78,0.22
2018-10-28 00:00:00,0.014716370106761566,1124,0.76,0.24
2018-10-29 00:00:00,-0.02894700460829493,5425,0.7,0.3
2018-10-30 00:00:00,-0.00035146900752418487,5582,0.71,0.29
2018-10-31 00:00:00,-9.592571536858063e-05,5277,0.71,0.29
2018-11-01 00:00:00,-0.0022988705123033483,4958,0.73,0.27
2018-11-02 00:00:00,-0.02321719173200285,7015,0.73,0.27
2018-11-03 00:00:00,-0.013087111111111112,675,0.77,0.23
2018-11-04 00:00:00,-0.0244719800747198,803,0.77,0.23
2018-11-05 00:00:00,0.002381601085481682,3685,0.73,0.27
2018-11-06 00:00:00,-0.014871502456684768,3867,0.74,0.26
2018-11-07 00:00:00,0.017273699038780246,6034,0.77,0.23
2018-11-08 00:00:00,0.008136647121535182,3752,0.73,0.27
2018-11-09 00:00:00,-0.0176095126400834,3837,0.72,0.28
2018-11-10 00:00:00,0.01320891472868217,516,0.76,0.24
2018-11-11 00:00:00,-0.018443636363636363,550,0.76,0.24
2018-11-12 00:00:00,-0.011140673860383175,4541,0.71,0.29
2018-11-13 00:00:00,-0.018539663558978518,4934,0.71,0.29
2018-11-14 00:00:00,-0.00434587839035632,5641,0.71,0.29
2018-11-15 00:00:00,0.01554406779661017,5664,0.72,0.28
2018-11-16 00:00:00,-0.012624126113776559,4377,0.71,0.29
2018-11-17 00:00:00,-0.04956581956797967,787,0.73,0.27
2018-11-18 00:00:00,-0.05337402135231317,843,0.72,0.28
2018-11-19 00:00:00,-0.04582126276694522,4308,0.68,0.32
2018-11-20 00:00:00,-0.01782328881469115,5990,0.7,0.3
2018-11-21 00:00:00,0.001483242603550296,4225,0.71,0.29
2018-11-22 00:00:00,-0.04590846968238691,1039,0.72,0.28
2018-11-23 00:00:00,-0.054764963833634724,2212,0.69,0.31
2018-11-24 00:00:00,-0.07331266912669127,813,0.71,0.29
2018-11-25 00:00:00,-0.05151701520912548,1052,0.73,0.27
2018-11-26 00:00:00,-0.0034775674993691645,3963,0.7,0.3
2018-11-27 00:00:00,0.02713009708737864,3914,0.75,0.25
2018-11-28 00:00:00,0.035213979933110366,4485,0.75,0.25
2018-11-29 00:00:00,-0.0080358687546607,4023,0.72,0.28
2018-11-30 00:00:00,0.0010782583949914628,3514,0.75,0.25
2018-12-01 00:00:00,-0.004952464788732395,1704,0.8,0.2
2018-12-02 00:00:00,-0.0007555732484076434,3140,0.74,0.26
2018-12-03 00:00:00,-0.02973357215967247,4885,0.68,0.32
2018-12-04 00:00:00,-0.04872781265908706,5893,0.7,0.3
2018-12-05 00:00:00,-0.029235379701916253,2818,0.75,0.25
2018-12-06 00:00:00,0.005563750778816199,8025,0.72,0.28
2018-12-07 00:00:00,-0.011936267197082712,6033,0.72,0.28
2018-12-08 00:00:00,-0.022784121621621623,1184,0.73,0.27
2018-12-09 00:00:00,-0.04303809523809524,1533,0.71,0.29
2018-12-10 00:00:00,0.006042983870967742,6200,0.71,0.29
2018-12-11 00:00:00,-0.005132229719127569,6373,0.73,0.27
2018-12-12 00:00:00,0.012692061438965238,6185,0.73,0.27
2018-12-13 00:00:00,-0.02044294761082326,5211,0.71,0.29
2018-12-14 00:00:00,-0.03523526073619632,6520,0.69,0.31
2018-12-15 00:00:00,-0.034013605442176874,1176,0.72,0.28
2018-12-16 00:00:00,-0.03268795345653662,1461,0.72,0.28
2018-12-17 00:00:00,-0.014715283122594833,7276,0.71,0.29
2018-12-18 00:00:00,-0.013695535582731693,6787,0.71,0.29
2018-12-19 00:00:00,-0.010934441260744986,8725,0.73,0.27
2018-12-20 00:00:00,-0.030752182143232727,9509,0.69,0.31
2018-12-21 00:00:00,-0.0488489878101872,9188,0.69,0.31
2018-12-22 00:00:00,-0.03686508011310085,2122,0.73,0.27
2018-12-23 00:00:00,-0.03820488301119023,1966,0.7,0.3
2018-12-24 00:00:00,-0.04860136403453885,7991,0.68,0.32
2018-12-25 00:00:00,-0.034370308590492074,2398,0.7,0.3
2018-12-26 00:00:00,0.01837549239297087,8479,0.7,0.3
2018-12-27 00:00:00,0.01706666274001649,8489,0.72,0.28
2018-12-28 00:00:00,0.017653791783242525,6791,0.72,0.28
2018-12-29 00:00:00,-0.017682978723404255,1081,0.75,0.25
2018-12-30 00:00:00,-0.0012831442463533225,1234,0.75,0.25
2018-12-31 00:00:00,0.002605460060667341,4945,0.73,0.27
2019-01-01 00:00:00,-0.004144859813084112,1070,0.76,0.24
2019-01-02 00:00:00,-0.03937422314656227,8174,0.7,0.3
2019-01-03 00:00:00,-0.019956063977746873,7190,0.71,0.29
2019-01-04 00:00:00,-0.0003522395209580838,8350,0.73,0.27
2019-01-05 00:00:00,0.010415397489539749,1195,0.76,0.24
2019-01-06 00:00:00,-0.025554713804713806,1188,0.76,0.24
2019-01-07 00:00:00,-0.018844763332619405,4669,0.71,0.29
2019-01-08 00:00:00,-0.003064604481900019,5221,0.72,0.28
2019-01-09 00:00:00,-0.022167016332492365,7531,0.73,0.27
2019-01-10 00:00:00,-0.014234571512138052,6838,0.71,0.29
2019-01-11 00:00:00,-0.015711390079608083,4899,0.7,0.3
2019-01-12 00:00:00,-0.053475714285714286,980,0.73,0.27
2019-01-13 00:00:00,-0.03844559777571826,1079,0.75,0.25
2019-01-14 00:00:00,-0.032726890034364256,4656,0.7,0.3
2019-01-15 00:00:00,0.01756078524876808,6291,0.73,0.27
2019-01-16 00:00:00,-0.006622544453852667,4724,0.72,0.28
2019-01-17 00:00:00,-0.03064113528009535,6712,0.71,0.29
2019-01-18 00:00:00,0.022646636845593107,6036,0.73,0.27
2019-01-19 00:00:00,-0.04050254975124378,1608,0.75,0.25
2019-01-20 00:00:00,-0.04544280639431616,1126,0.73,0.27
2019-01-21 00:00:00,-0.001725,1912,0.76,0.24
2019-01-22 00:00:00,-0.021240053006460164,6037,0.71,0.29
2019-01-23 00:00:00,0.0040927150084317035,5930,0.73,0.27
2019-01-24 00:00:00,-0.023611925795053,5660,0.72,0.28
2019-01-25 00:00:00,0.0005003361815380305,7139,0.75,0.25
2019-01-26 00:00:00,-0.008681692732290709,1087,0.76,0.24
2019-01-27 00:00:00,-0.013067021276595744,1128,0.76,0.24
2019-01-28 00:00:00,-0.017784990378447725,4677,0.72,0.28
2019-01-29 00:00:00,-0.038083238312428734,4385,0.71,0.29
2019-01-30 00:00:00,0.007952314814814815,5184,0.74,0.26
2019-01-31 00:00:00,0.026137592778335002,4985,0.74,0.26
2019-02-01 00:00:00,-0.00636240198101527,4846,0.72,0.28
2019-02-02 00:00:00,-0.04993029490616622,746,0.74,0.26
2019-02-03 00:00:00,-0.03386991368680641,811,0.77,0.23
2019-02-04 00:00:00,0.002019202678027998,3286,0.74,0.26
2019-02-05 00:00:00,0.0036980169971671385,4236,0.73,0.27
2019-02-06 00:00:00,0.025146997776130466,5396,0.78,0.22
2019-02-07 00:00:00,-0.04184424265842349,5176,0.7,0.3
2019-02-08 00:00:00,-0.03196206369982548,4584,0.7,0.3
2019-02-09 00:00:00,-0.011487871287128712,808,0.76,0.24
2019-02-10 00:00:00,-0.035133222958057396,906,0.75,0.25
2019-02-11 00:00:00,-0.023141019144144143,3552,0.74,0.26
2019-02-12 00:00:00,0.0016595744680851063,188,0.7,0.3
2019-02-13 00:00:00,-0.0072731583403895005,3543,0.72,0.28
2019-02-14 00:00:00,-0.016133656138259834,6712,0.73,0.27
2019-02-15 00:00:00,-0.0010191165270373192,5252,0.74,0.26
2019-02-16 00:00:00,-0.02136329233680227,1057,0.74,0.26
2019-02-17 00:00:00,-0.03127818991097923,1348,0.74,0.26
2019-02-18 00:00:00,0.0005804169298799747,1583,0.76,0.24
2019-02-19 00:00:00,0.0039005375030539947,4093,0.72,0.28
2019-02-20 00:00:00,0.027774703557312253,3289,0.76,0.24
2019-02-21 00:00:00,-0.02357935470696345,4897,0.71,0.29
2019-02-22 00:00:00,-0.0016295267718284827,4501,0.74,0.26
2019-02-23 00:00:00,0.013971281464530893,874,0.76,0.24
2019-02-24 00:00:00,-0.013283592400690847,2316,0.73,0.27
2019-02-25 00:00:00,-0.03761528313375279,4927,0.69,0.31
2019-02-26 00:00:00,-0.02937688994184794,4643,0.72,0.28
2019-02-27 00:00:00,-0.03735518565941101,4686,0.71,0.29
2019-02-28 00:00:00,-0.02949416,5000,0.72,0.28
2019-03-01 00:00:00,-0.005469705029013539,4136,0.72,0.28
2019-03-02 00:00:00,0.0006192462987886945,743,0.77,0.23
2019-03-03 00:00:00,0.00029799818016378526,2198,0.75,0.25
2019-03-04 00:00:00,-0.01489375860318004,163457,0.29,0.71
2019-03-05 00:00:00,-0.01154071038251366,4392,0.72,0.28
2019-03-06 00:00:00,-0.0375893899204244,4524,0.68,0.32
2019-03-07 00:00:00,-0.026334448669201524,5260,0.7,0.3
2019-03-08 00:00:00,-0.009273810363059569,5674,0.7,0.3
2019-03-09 00:00:00,-0.04640740259740259,770,0.73,0.27
2019-03-10 00:00:00,-0.04639070609535305,1657,0.72,0.28
2019-03-11 00:00:00,-0.012463905466698497,4189,0.71,0.29
2019-03-12 00:00:00,-0.01700757327080891,4265,0.71,0.29
2019-03-13 00:00:00,0.01807635054021609,4998,0.72,0.28
2019-03-14 00:00:00,-0.023450889790821106,3203,0.7,0.3
2019-03-15 00:00:00,0.003746929054900978,3989,0.72,0.28
2019-03-16 00:00:00,-0.02394717868338558,638,0.75,0.25
2019-03-17 00:00:00,0.012310442144873002,1063,0.77,0.23
2019-03-18 00:00:00,0.005832504145936982,3618,0.72,0.28
2019-03-19 00:00:00,-0.0013760402287517255,5071,0.71,0.29
2019-03-20 00:00:00,-0.022813319672131148,6344,0.72,0.28
2019-03-21 00:00:00,0.008475256064690026,5565,0.71,0.29
2019-03-22 00:00:00,-0.016364106819553408,6628,0.7,0.3
2019-03-23 00:00:00,-0.017212488350419386,1073,0.76,0.24
2019-03-24 00:00:00,-0.021190201805629316,3766,0.73,0.27
2019-03-25 00:00:00,-0.0033589675576412973,4901,0.72,0.28
2019-03-26 00:00:00,-0.01695586353944563,4690,0.71,0.29
2019-03-27 00:00:00,-0.019510417450169237,5318,0.72,0.28
2019-03-28 00:00:00,0.011749359215981907,5306,0.74,0.26
2019-03-29 00:00:00,0.0006187598292518536,4451,0.74,0.26
2019-03-30 00:00:00,0.046009833795013846,722,0.82,0.18
2019-03-31 00:00:00,0.011605792682926828,1968,0.74,0.26
2019-04-01 00:00:00,-0.008072184476014,4857,0.7,0.3
2019-04-02 00:00:00,-0.0018421930168693607,5098,0.72,0.28
2019-04-03 00:00:00,0.012764744169227987,5531,0.72,0.28
2019-04-04 00:00:00,0.009637212049616067,5079,0.75,0.25
2019-04-05 00:00:00,0.018912074303405572,3876,0.72,0.28
2019-04-06 00:00:00,0.017992182890855458,678,0.76,0.24
2019-04-07 00:00:00,-0.0015592871830020561,1459,0.73,0.27
2019-04-08 00:00:00,0.0025873297002724795,3670,0.72,0.28
2019-04-09 00:00:00,-0.005400618784530386,4525,0.71,0.29
2019-04-10 00:00:00,0.01714921375921376,4070,0.76,0.24
2019-04-11 00:00:00,0.000757085020242915,2470,0.73,0.27
2019-04-12 00:00:00,0.044128204353083435,3308,0.74,0.26
2019-04-13 00:00:00,0.027832267441860462,688,0.77,0.23
2019-04-14 00:00:00,0.025360154241645245,1167,0.79,0.21
2019-04-15 00:00:00,0.02365167085878548,2783,0.75,0.25
2019-04-16 00:00:00,0.028512739383846793,3603,0.74,0.26
2019-04-17 00:00:00,-0.003008899637243047,4135,0.72,0.28
2019-04-18 00:00:00,0.016402950364456787,2881,0.75,0.25
2019-04-19 00:00:00,-0.01530357698289269,643,0.8,0.2
2019-04-20 00:00:00,0.07628239795918368,392,0.84,0.16
2019-04-21 00:00:00,-0.0062276546091015175,857,0.76,0.24
2019-04-22 00:00:00,0.014562278978388998,2545,0.75,0.25
2019-04-23 00:00:00,0.0517614406779661,4248,0.75,0.25
2019-04-24 00:00:00,0.020567347645429362,2888,0.73,0.27
2019-04-25 00:00:00,-0.0037227985524728585,3316,0.72,0.28
2019-04-26 00:00:00,0.02971719602181585,3117,0.75,0.25
2019-04-27 00:00:00,0.022932432432432433,518,0.79,0.21
2019-04-28 00:00:00,0.014410774818401936,826,0.78,0.22
2019-04-29 00:00:00,0.006372350707628581,2897,0.72,0.28
2019-04-30 00:00:00,0.01935106842737095,4165,0.74,0.26
2019-05-01 00:00:00,-0.011003639212954901,5743,0.73,0.27
2019-05-02 00:00:00,0.0019971672661870505,4448,0.71,0.29
2019-05-03 00:00:00,0.02697161735133582,3481,0.74,0.26
2019-05-04 00:00:00,0.006326507713884992,713,0.78,0.22
2019-05-05 00:00:00,-0.027662061155152885,5298,0.74,0.26
2019-05-06 00:00:00,-0.0088443746729461,7644,0.72,0.28
2019-05-07 00:00:00,-0.0013569631861653348,7633,0.72,0.28
2019-05-08 00:00:00,-0.0009178361097089013,5943,0.75,0.25
2019-05-09 00:00:00,0.0043537767903816,7652,0.77,0.23
2019-05-10 00:00:00,0.00026591042154566747,6832,0.75,0.25
2019-05-11 00:00:00,0.007862087912087912,1092,0.79,0.21
2019-05-12 00:00:00,-0.0304292759295499,2555,0.73,0.27
2019-05-13 00:00:00,0.0005397751443330295,6582,0.74,0.26
2019-05-14 00:00:00,0.012126803885291398,4324,0.73,0.27
2019-05-15 00:00:00,-0.01694596586501164,5156,0.71,0.29
2019-05-16 00:00:00,0.0089459390272283,4297,0.71,0.29
2019-05-17 00:00:00,-0.024346036456125476,4718,0.72,0.28
2019-05-18 00:00:00,0.0020955725190839694,655,0.78,0.22
2019-05-19 00:00:00,-0.00715838961038961,1925,0.74,0.26
2019-05-20 00:00:00,-0.03143889034284219,3821,0.71,0.29
2019-05-21 00:00:00,0.009579574205492132,3241,0.74,0.26
2019-05-22 00:00:00,-0.0165043507817811,4413,0.73,0.27
2019-05-23 00:00:00,-0.005110987791342952,5406,0.71,0.29
2019-05-24 00:00:00,-0.009493729003359463,2679,0.71,0.29
2019-05-25 00:00:00,-0.028623051948051946,616,0.77,0.23
2019-05-26 00:00:00,-0.04287907444668008,994,0.72,0.28
2019-05-27 00:00:00,-0.005702453102453102,1386,0.76,0.24
2019-05-28 00:00:00,-0.06079044193216855,3892,0.68,0.32
2019-05-29 00:00:00,0.00046829913964262075,4533,0.71,0.29
2019-05-30 00:00:00,-0.03769609840476648,5203,0.73,0.27
2019-05-31 00:00:00,-0.013315620802149299,5211,0.71,0.29
2019-06-01 00:00:00,-0.045451628895184136,1412,0.75,0.25
2019-06-02 00:00:00,0.013573584905660378,2120,0.76,0.24
2019-06-03 00:00:00,-0.024276986951364175,3372,0.7,0.3
2019-06-04 00:00:00,0.01606430092264017,5636,0.71,0.29
2019-06-05 00:00:00,-0.012702060125133526,6553,0.7,0.3
2019-06-06 00:00:00,-0.00011631909293379226,4939,0.72,0.28
2019-06-07 00:00:00,0.02224824644549763,6330,0.72,0.28
2019-06-08 00:00:00,0.014336156862745099,1275,0.76,0.24
2019-06-09 00:00:00,0.012774138723013322,2177,0.74,0.26
2019-06-10 00:00:00,-0.0005610511496949789,4262,0.72,0.28
2019-06-11 00:00:00,-0.015277479959919838,3992,0.7,0.3
2019-06-12 00:00:00,-0.02877315582714972,4582,0.7,0.3
2019-06-13 00:00:00,-0.017894313011828936,4396,0.71,0.29
2019-06-14 00:00:00,0.004956973007712083,3112,0.73,0.27
2019-06-15 00:00:00,0.028592105263157898,646,0.8,0.2
2019-06-16 00:00:00,-0.0014472937000887312,1127,0.79,0.21
2019-06-17 00:00:00,0.01780355648535565,2868,0.74,0.26
2019-06-18 00:00:00,-0.0034309222797927466,4825,0.73,0.27
2019-06-19 00:00:00,0.03297662290299051,5484,0.77,0.23
2019-06-20 00:00:00,0.032954650754650754,5698,0.74,0.26
2019-06-21 00:00:00,0.010107161257083977,3882,0.73,0.27
2019-06-22 00:00:00,0.02764160475482912,673,0.79,0.21
2019-06-23 00:00:00,0.03426107784431137,1336,0.78,0.22
2019-06-24 00:00:00,0.013719356725146199,3420,0.74,0.26
2019-06-25 00:00:00,0.0002824744463373084,4696,0.73,0.27
2019-06-26 00:00:00,-0.02436117381489842,4430,0.73,0.27
2019-06-27 00:00:00,0.0029288236697685515,4191,0.78,0.22
2019-06-28 00:00:00,0.021655917571707047,3591,0.77,0.23
2019-06-29 00:00:00,0.029194669509594883,2345,0.78,0.22
2019-06-30 00:00:00,0.002397521865889213,2744,0.74,0.26
2019-07-01 00:00:00,0.01680069427819009,4177,0.72,0.28
2019-07-02 00:00:00,0.0016673016701461377,3832,0.74,0.26
2019-07-03 00:00:00,0.04879534808067665,3074,0.75,0.25
2019-07-04 00:00:00,0.030178231292517007,1029,0.78,0.22
2019-07-05 00:00:00,0.02632359070264494,3743,0.72,0.28
2019-07-06 00:00:00,0.0005219224283305227,593,0.77,0.23
2019-07-07 00:00:00,-0.0358387797311272,1934,0.71,0.29
2019-07-08 00:00:00,-0.002723792994635532,3169,0.72,0.28
2019-07-09 00:00:00,0.04877743145743146,3465,0.77,0.23
2019-07-10 00:00:00,0.04278556989247312,4650,0.76,0.24
2019-07-11 00:00:00,0.059950456053068,4824,0.76,0.24
2019-07-12 00:00:00,0.03359208234362629,3789,0.75,0.25
2019-07-13 00:00:00,0.022807519999999998,625,0.79,0.21
2019-07-14 00:00:00,0.005747533333333333,1500,0.76,0.24
2019-07-15 00:00:00,0.045992775814683945,2547,0.76,0.24
2019-07-16 00:00:00,0.009457886044591248,3633,0.73,0.27
2019-07-17 00:00:00,-0.022397312703583062,3684,0.7,0.3
2019-07-18 00:00:00,0.03966040353089533,3965,0.75,0.25
2019-07-19 00:00:00,-0.018221890678637442,3787,0.72,0.28
2019-07-20 00:00:00,0.01715275229357798,654,0.78,0.22
2019-07-21 00:00:00,0.025056080489938758,1143,0.78,0.22
2019-07-22 00:00:00,0.02268690344062153,2703,0.75,0.25
2019-07-23 00:00:00,0.041996603773584905,2915,0.76,0.24
2019-07-24 00:00:00,0.029729415057374756,3573,0.75,0.25
2019-07-25 00:00:00,0.028067877344447753,3359,0.75,0.25
2019-07-26 00:00:00,0.03623242310106717,3186,0.76,0.24
2019-07-27 00:00:00,0.0405362480127186,629,0.81,0.19
2019-07-28 00:00:00,-0.012319533527696793,1029,0.77,0.23
2019-07-29 00:00:00,0.026789986708019495,2257,0.75,0.25
2019-07-30 00:00:00,0.03056890708839311,3541,0.77,0.23
2019-07-31 00:00:00,-0.011277908990710125,6351,0.75,0.25
2019-08-01 00:00:00,-0.012191845439718981,7971,0.74,0.26
2019-08-02 00:00:00,0.017730539632338407,5059,0.74,0.26
2019-08-03 00:00:00,-0.040277218225419666,834,0.73,0.27
2019-08-04 00:00:00,0.00024241367282874083,2867,0.75,0.25
2019-08-05 00:00:00,0.00030917254650416937,10913,0.73,0.27
2019-08-06 00:00:00,0.00910138083402375,7242,0.73,0.27
2019-08-07 00:00:00,0.023222532737144683,6262,0.73,0.27
2019-08-08 00:00:00,0.027637052579609973,4051,0.72,0.28
2019-08-09 00:00:00,-0.0006094907407407407,2160,0.72,0.28
2019-08-10 00:00:00,-0.0025299700299700302,1001,0.8,0.2
2019-08-11 00:00:00,0.03707843866171004,1883,0.79,0.21
2019-08-12 00:00:00,0.0052817982935900246,4571,0.73,0.27
2019-08-13 00:00:00,0.008518885332329128,5311,0.74,0.26
2019-08-14 00:00:00,-0.020948667248231075,10317,0.71,0.29
2019-08-15 00:00:00,0.003622454125227623,7139,0.74,0.26
2019-08-16 00:00:00,0.005751812937783271,4854,0.72,0.28
2019-08-17 00:00:00,0.01237254054054054,925,0.77,0.23
2019-08-18 00:00:00,-0.0030575757575757576,3036,0.75,0.25
2019-08-19 00:00:00,-0.025216321028618833,4822,0.7,0.3
2019-08-20 00:00:00,-0.03437389229720518,4401,0.7,0.3
2019-08-21 00:00:00,-0.01983417558096643,5422,0.72,0.28
2019-08-22 00:00:00,-0.028704558404558406,5616,0.71,0.29
2019-08-23 00:00:00,-0.024736423161880718,12676,0.75,0.25
2019-08-24 00:00:00,-0.02099071363220494,2186,0.76,0.24
2019-08-25 00:00:00,-0.004618365147783251,6496,0.74,0.26
2019-08-26 00:00:00,-0.02065570119475699,8621,0.73,0.27
2019-08-27 00:00:00,-0.032157461240310076,7224,0.71,0.29
2019-08-28 00:00:00,-0.017671875,6496,0.71,0.29
2019-08-29 00:00:00,-0.0011974449746036632,6497,0.73,0.27
2019-08-30 00:00:00,-0.02147783467446964,5468,0.72,0.28
2019-08-31 00:00:00,-3.759398496240601e-05,1197,0.78,0.22
2019-09-01 00:00:00,-0.036823534840793724,2167,0.74,0.26
2019-09-02 00:00:00,-0.03312598137059215,3006,0.73,0.27
2019-09-03 00:00:00,-0.029287887271369915,5358,0.71,0.29
2019-09-04 00:00:00,0.03015111607142857,5824,0.74,0.26
2019-09-05 00:00:00,0.02197324354657688,4455,0.74,0.26
2019-09-06 00:00:00,-0.00992950969213227,4385,0.74,0.26
2019-09-07 00:00:00,0.01064526198439242,897,0.79,0.21
2019-09-08 00:00:00,0.01283789224393132,1689,0.76,0.24
2019-09-09 00:00:00,-0.012876024242424242,4125,0.71,0.29
2019-09-10 00:00:00,0.013913773824650573,3935,0.74,0.26
2019-09-11 00:00:00,0.0349714127791289,4523,0.76,0.24
2019-09-12 00:00:00,0.01284984877126654,5290,0.76,0.24
2019-09-13 00:00:00,0.011014131038312048,3602,0.72,0.28
2019-09-14 00:00:00,0.027446619841966637,1139,0.8,0.2
2019-09-15 00:00:00,0.021087723521320493,2908,0.78,0.22
2019-09-16 00:00:00,0.015567445938047925,3422,0.75,0.25
2019-09-17 00:00:00,0.00876296943231441,3435,0.76,0.24
2019-09-18 00:00:00,0.006196212247622225,5993,0.76,0.24
2019-09-19 00:00:00,0.01292057511155181,4034,0.74,0.26
2019-09-20 00:00:00,-0.037629453681710216,4631,0.73,0.27
2019-09-21 00:00:00,-0.02030050314465409,795,0.76,0.24
2019-09-22 00:00:00,-0.0347415547024952,2084,0.72,0.28
2019-09-23 00:00:00,-0.011423852342640796,4226,0.71,0.29
2019-09-24 00:00:00,-0.00835509238051611,6549,0.75,0.25
2019-09-25 00:00:00,-0.00025171396977515664,5426,0.75,0.25
2019-09-26 00:00:00,-0.012901490284851914,5301,0.74,0.26
2019-09-27 00:00:00,-0.033049862475442046,5090,0.72,0.28
2019-09-28 00:00:00,-0.02114379310344828,1160,0.78,0.22
2019-09-29 00:00:00,-0.022828024369016535,2298,0.74,0.26
2019-09-30 00:00:00,-0.02413381773399015,4060,0.71,0.29
2019-10-01 00:00:00,-0.015127591792656587,5556,0.72,0.28
2019-10-02 00:00:00,-0.008065599464166108,7465,0.73,0.27
2019-10-03 00:00:00,-0.006702294567562266,5099,0.73,0.27
2019-10-04 00:00:00,-0.019189503717793533,5783,0.72,0.28
2019-10-05 00:00:00,-0.024047489539748952,956,0.76,0.24
2019-10-06 00:00:00,-0.03677409484956655,1961,0.75,0.25
2019-10-07 00:00:00,-0.028753978494623657,5115,0.72,0.28
2019-10-08 00:00:00,-0.015238375466224616,7239,0.74,0.26
2019-10-09 00:00:00,-0.024261132683019222,10559,0.74,0.26
2019-10-10 00:00:00,-0.00936134681093394,7024,0.75,0.25
2019-10-11 00:00:00,-0.0005265010351966874,9660,0.75,0.25
2019-10-12 00:00:00,0.002090007513148009,1331,0.76,0.24
2019-10-13 00:00:00,0.0004364476021314387,2815,0.75,0.25
2019-10-14 00:00:00,-0.012065175202156334,3710,0.74,0.26
2019-10-15 00:00:00,-0.008264477095937769,4628,0.73,0.27
2019-10-16 00:00:00,-0.0019719101123595504,3382,0.74,0.26
2019-10-17 00:00:00,0.008916773733047823,4203,0.75,0.25
2019-10-18 00:00:00,-0.007479733414116934,3301,0.72,0.28
2019-10-19 00:00:00,-0.04118989229494615,1207,0.77,0.23
2019-10-20 00:00:00,-0.006556491785903551,1887,0.77,0.23
2019-10-21 00:00:00,0.006100947368421052,2850,0.73,0.27
2019-10-22 00:00:00,-0.028072265237244393,5037,0.71,0.29
2019-10-23 00:00:00,-0.00986860606060606,4125,0.72,0.28
2019-10-24 00:00:00,0.022867188540972687,3002,0.75,0.25
2019-10-25 00:00:00,0.04350977620730271,2547,0.76,0.24
2019-10-26 00:00:00,0.0032947794779477945,1111,0.82,0.18
2019-10-27 00:00:00,0.035672154696132594,1810,0.81,0.19
2019-10-28 00:00:00,0.038948830811554334,2908,0.75,0.25
2019-10-29 00:00:00,-0.02060184835910977,2651,0.72,0.28
2019-10-30 00:00:00,0.03303339479142659,4339,0.79,0.21
2019-10-31 00:00:00,-0.007444357798165138,4360,0.73,0.27
2019-11-01 00:00:00,0.024502470088768817,2591,0.75,0.25
2019-11-02 00:00:00,0.018262734288864386,907,0.77,0.23
2019-11-03 00:00:00,0.015557169811320755,1590,0.76,0.24
2019-11-04 00:00:00,0.002684684939248375,3539,0.73,0.27
2019-11-05 00:00:00,-0.011501930501930503,3885,0.72,0.28
2019-11-06 00:00:00,-0.0020367549668874173,3926,0.73,0.27
2019-11-07 00:00:00,-0.0007732378091056159,4327,0.73,0.27
2019-11-08 00:00:00,0.012877768662838393,3657,0.74,0.26
2019-11-09 00:00:00,0.011579739978331527,923,0.8,0.2
2019-11-10 00:00:00,-0.018105065554231227,1678,0.74,0.26
2019-11-11 00:00:00,0.01020385662431942,2204,0.73,0.27
2019-11-12 00:00:00,-0.004236475164572113,3342,0.74,0.26
2019-11-13 00:00:00,0.010305325089748704,5014,0.74,0.26
2019-11-14 00:00:00,0.0005420214030915577,4205,0.73,0.27
2019-11-15 00:00:00,0.011340858540925267,4496,0.74,0.26
2019-11-16 00:00:00,0.004956828597616865,1091,0.77,0.23
2019-11-17 00:00:00,-0.01254997681965693,2157,0.73,0.27
2019-11-18 00:00:00,0.0009450159744408945,3130,0.72,0.28
2019-11-19 00:00:00,-0.025577157360406094,2561,0.7,0.3
2019-11-20 00:00:00,0.0017924397299903566,5185,0.74,0.26
2019-11-21 00:00:00,-0.00785859853121175,3268,0.73,0.27
2019-11-22 00:00:00,0.02655928381962865,2262,0.77,0.23
2019-11-23 00:00:00,-0.003936805555555555,864,0.8,0.2
2019-11-24 00:00:00,0.0554422090729783,1521,0.8,0.2
2019-11-25 00:00:00,-0.010376935419173687,2493,0.73,0.27
2019-11-26 00:00:00,0.03059794476557482,3114,0.75,0.25
2019-11-27 00:00:00,0.0058315690866510535,4270,0.74,0.26
2019-11-28 00:00:00,-0.034945674418604654,2150,0.74,0.26
2019-11-29 00:00:00,-0.0065581188997338065,2254,0.75,0.25
2019-11-30 00:00:00,0.0442276393831554,843,0.81,0.19
2019-12-01 00:00:00,0.02614575741801145,1921,0.77,0.23
2019-12-02 00:00:00,0.00988922902494331,3528,0.76,0.24
2019-12-03 00:00:00,-0.004211091794158553,5752,0.74,0.26
2019-12-04 00:00:00,-0.008617636122177955,3765,0.73,0.27
2019-12-05 00:00:00,0.0033085283893395136,4315,0.75,0.25
2019-12-06 00:00:00,0.02168582385612272,3781,0.75,0.25
2019-12-07 00:00:00,0.03473542857142857,875,0.8,0.2
2019-12-08 00:00:00,0.037147689345314504,1558,0.79,0.21
2019-12-09 00:00:00,0.004330527966544694,3826,0.75,0.25
2019-12-10 00:00:00,-0.006374254985435805,4463,0.75,0.25
2019-12-11 00:00:00,0.017827364142062475,4674,0.77,0.23
2019-12-12 00:00:00,0.001569163120567376,7050,0.76,0.24
2019-12-13 00:00:00,0.003812859596393302,4658,0.76,0.24
2019-12-14 00:00:00,0.02957878504672897,1070,0.78,0.22
2019-12-15 00:00:00,0.03580005376344086,1860,0.78,0.22
2019-12-16 00:00:00,0.024624782506466027,4253,0.75,0.25
2019-12-17 00:00:00,-0.013977021822849808,3895,0.73,0.27
2019-12-18 00:00:00,-0.008934676458912267,5038,0.78,0.22
2019-12-19 00:00:00,0.030131306199716046,4226,0.78,0.22
2019-12-20 00:00:00,0.024724577000286782,3487,0.76,0.24
2019-12-21 00:00:00,0.01634805194805195,924,0.83,0.17
2019-12-22 00:00:00,0.038536153846153845,1430,0.8,0.2
2019-12-23 00:00:00,0.030793580959249913,2773,0.77,0.23
2019-12-24 00:00:00,0.011430272290443138,1873,0.78,0.22
2019-12-25 00:00:00,0.07550822837951301,1191,0.84,0.16
2019-12-26 00:00:00,0.02900259399591956,3431,0.75,0.25
2019-12-27 00:00:00,-0.0025880305927342253,2615,0.73,0.27
2019-12-28 00:00:00,0.031396769230769235,650,0.79,0.21
2019-12-29 00:00:00,0.04285945419103314,1539,0.78,0.22
2019-12-30 00:00:00,0.01102850702731371,3771,0.73,0.27
2019-12-31 00:00:00,0.010263862660944206,3495,0.76,0.24
2020-01-01 00:00:00,0.041709270216962524,1521,0.8,0.2
2020-01-02 00:00:00,0.016807486959189936,6518,0.75,0.25
2020-01-03 00:00:00,0.016957248880358287,7815,0.75,0.25
2020-01-04 00:00:00,0.010513846903949292,2051,0.83,0.17
2020-01-05 00:00:00,0.009270578741065252,4337,0.78,0.22
2020-01-06 00:00:00,0.002527392795883362,5830,0.73,0.27
2020-01-07 00:00:00,0.0162009141135108,9955,0.78,0.22
2020-01-08 00:00:00,0.030693354377803624,6019,0.77,0.23
2020-01-09 00:00:00,0.03107580805076344,5043,0.76,0.24
2020-01-10 00:00:00,-0.0001521170610211706,4818,0.74,0.26
2020-01-11 00:00:00,0.014056818181818182,1100,0.81,0.19
2020-01-12 00:00:00,0.033793375796178346,2355,0.79,0.21
2020-01-13 00:00:00,0.03319509848831883,4366,0.76,0.24
2020-01-14 00:00:00,0.005868234937016239,6589,0.75,0.25
2020-01-15 00:00:00,0.012572528805336568,6596,0.76,0.24
2020-01-16 00:00:00,0.05223320494628016,4933,0.76,0.24
2020-01-17 00:00:00,0.04301326122736891,4253,0.76,0.24
2020-01-18 00:00:00,0.06253008565310493,934,0.84,0.16
2020-01-19 00:00:00,0.034491849529780565,1276,0.82,0.18
2020-01-20 00:00:00,0.012963553744907553,3191,0.77,0.23
2020-01-21 00:00:00,0.029271066708621774,6356,0.76,0.24
2020-01-22 00:00:00,0.016271688897238398,5323,0.75,0.25
2020-01-23 00:00:00,0.039249178082191784,5840,0.77,0.23
2020-01-24 00:00:00,0.004914924004192872,7632,0.75,0.25
2020-01-25 00:00:00,-0.03189895513214505,3254,0.77,0.23
2020-01-26 00:00:00,-0.002385110663983903,6461,0.76,0.24
2020-01-27 00:00:00,-0.006691481056257176,8710,0.72,0.28
2020-01-28 00:00:00,0.004961609826211943,7653,0.74,0.26
2020-01-29 00:00:00,-0.013578177874186552,6915,0.74,0.26
2020-01-30 00:00:00,0.0068672521120498,8996,0.76,0.24
2020-01-31 00:00:00,-0.007452061284144744,9921,0.74,0.26
