Date,SP500_Close,XLY_Close,XLP_Close,XLE_Close,XLF_Close,XLV_Close,XLI_Close,XLB_Close,XLK_Close,XLU_Close
4/15/2009,852.06,21.5,21.69,45.04,8.81,24.35,20.43,24.26,16.5,25.64
4/16/2009,865.3,22.25,21.98,45.25,8.91,24.46,21.12,24.27,16.99,25.82
4/17/2009,869.6,22.52,22.09,45.78,9.02,24.74,21.11,24.45,16.96,25.78
4/20/2009,832.39,21.66,21.66,43.56,8.01,24.26,20.18,23.32,16.42,25.49
4/21/2009,850.08,22.02,21.88,44.42,8.61,24.03,20.67,23.79,16.7,25.58
4/22/2009,843.55,22.24,21.59,43.95,8.3,23.77,20.99,23.9,16.78,25.31
4/23/2009,851.92,22.24,21.59,44.77,8.69,23.79,21.22,23.96,16.86,25.4
4/24/2009,866.23,22.79,21.5,46.07,8.88,23.76,21.66,25.1,17.1,25.36
4/27/2009,857.51,22.49,21.63,45.2,8.74,24.02,21.23,24.55,17.02,25.54
4/28/2009,855.16,22.49,21.73,45.3,8.47,24.11,20.98,24.42,17.01,25.64
4/29/2009,873.64,22.9,22.09,46.55,8.84,24.2,21.68,24.97,17.2,25.83
4/30/2009,872.81,23.29,22,45.78,8.71,24.18,21.76,25.67,17.25,25.85
5/1/2009,877.52,23.18,22.09,47.26,8.65,24.14,22,25.73,17.48,26.53
5/4/2009,907.24,23.93,22.43,49.15,9.53,24.54,22.72,27.18,17.8,26.93
5/5/2009,903.8,23.92,22.24,48.49,9.39,24.82,22.79,27.02,17.69,26.88
5/6/2009,919.53,24.17,22.38,50.37,10.13,24.67,23.15,27.13,17.79,26.72
5/7/2009,907.39,23.64,22.47,49.72,9.84,25.17,22.68,26.24,17.11,26.86
5/8/2009,929.23,23.99,22.76,51.84,10.57,25.59,23.51,26.8,17.09,27.25
5/11/2009,909.24,23.57,22.65,50.26,9.96,25.15,22.81,26.41,17.14,27.13
5/12/2009,908.35,23.07,22.92,50.58,9.74,25.56,22.56,26.67,17.05,27.32
5/13/2009,883.92,22.26,22.5,48.91,9.25,25.5,21.63,25.52,16.62,26.59
5/14/2009,893.07,22.29,22.58,49.05,9.56,25.53,21.79,25.74,16.8,26.57
5/15/2009,882.88,22.13,22.37,48,9.36,25.33,21.8,25.83,16.8,25.94
5/18/2009,909.71,23.22,22.84,49.66,9.98,25.58,22.6,26.57,17.26,25.94
5/19/2009,908.13,23.13,22.97,49.9,9.78,25.39,22.43,26.88,17.36,26.41
5/20/2009,903.47,22.88,23,50.07,9.52,25.49,22.45,27,17.18,25.93
5/21/2009,888.33,22.34,22.79,48.59,9.53,25.26,21.77,26.4,16.88,25.62
5/22/2009,887,22.58,22.93,48.61,9.47,25.29,21.69,26.3,16.94,25.83
5/26/2009,910.33,23.34,23.22,49.64,9.78,25.52,22.48,26.93,17.38,26.58
5/27/2009,893.06,22.83,22.63,49.1,9.48,25.26,21.75,25.92,17.21,26.04
5/28/2009,906.83,22.74,22.87,50.73,9.75,25.39,21.96,26.38,17.46,26.58
5/29/2009,919.14,23.12,23.12,51.68,9.93,25.83,22.49,27.17,17.65,26.77
6/1/2009,942.87,24.23,23.58,53.58,10.04,26,23.53,28,18.15,27.63
6/2/2009,944.74,24.43,23.82,53.44,9.87,26.16,23.57,28.28,18.11,27.3
6/3/2009,931.76,24.11,23.7,51.38,9.74,26.1,23.11,27.31,17.91,26.84
6/4/2009,942.46,24.16,23.74,52.54,10.09,25.74,23.53,27.94,18.16,27.09
6/5/2009,940.09,24.01,23.62,52.11,10,25.79,23.73,27.54,18.34,27.12
6/8/2009,939.14,24.23,23.71,51.99,10.08,25.51,23.79,27.4,18.23,26.95
6/9/2009,942.43,24.37,23.5,52.5,10.15,25.38,23.74,27.89,18.31,26.88
6/10/2009,939.15,24.01,23.24,52.97,10,25.27,23.59,27.92,18.36,27.3
6/11/2009,944.89,23.89,23.34,54.03,10.08,25.54,23.55,28.31,18.43,27.83
6/12/2009,946.21,23.86,23.52,53.51,10.14,25.63,23.59,28.02,18.38,28.18
6/15/2009,923.72,23.38,22.95,52.09,9.88,24.84,22.87,27.08,18.19,27.61
6/16/2009,911.97,22.79,22.65,50.98,9.71,24.94,22.45,26.35,17.96,27.42
6/17/2009,910.71,23.11,22.88,50.15,9.43,25.51,22.28,26.05,18.06,27.5
6/18/2009,918.37,23.04,23.3,49.96,9.66,26,22.3,26.27,17.98,28.12
6/19/2009,921.23,23.13,22.89,49.21,9.78,26.08,22.2,26.07,18.12,27.47
6/22/2009,893.04,22.44,22.8,46.75,9.21,25.61,21.46,24.75,17.67,27.39
6/23/2009,895.1,22.21,22.66,47.03,9.31,25.53,21.26,25.07,17.68,27.15
6/24/2009,900.94,22.34,22.72,47.22,9.43,25.66,21.4,25.32,17.93,27.38
6/25/2009,920.26,23.12,23.11,48.21,9.63,26.37,22.06,25.86,18.19,27.84
6/26/2009,918.9,22.96,23.03,47.89,9.68,26.37,21.97,25.82,18.16,27.74
6/29/2009,927.23,23.25,23.17,48.34,9.8,26.53,22.19,26.05,18.35,28.1
6/30/2009,919.32,23.08,22.99,48.05,9.7,26.31,21.96,25.8,18.21,27.89
7/1/2009,923.33,23.23,23.38,48.09,9.65,26.38,22.05,25.86,18.29,28.25
7/2/2009,896.42,22.29,22.89,46.16,9.31,25.75,21.36,25.15,17.83,27.44
7/6/2009,898.72,22.4,23.36,45.69,9.32,25.95,21.37,24.95,17.78,27.6
7/7/2009,881.03,21.8,23.07,44.52,9.18,25.85,20.64,24.24,17.34,27.05
7/8/2009,879.56,21.98,23.17,44.53,9.02,26.09,20.56,24.26,17.35,26.93
7/9/2009,882.68,22.14,23,44.99,9.14,25.76,20.75,24.45,17.46,26.94
7/10/2009,879.13,22.1,22.89,44.67,9.01,25.64,20.72,24.31,17.53,26.91
7/13/2009,901.05,22.46,23.3,45.35,9.59,26.09,21.25,25.05,17.86,27.38
7/14/2009,905.84,22.81,23.37,45.96,9.55,26.21,21.56,25.24,17.88,27.59
7/15/2009,932.68,23.44,23.75,47.59,9.96,26.44,22.23,26.23,18.55,28.14
7/16/2009,940.74,23.73,23.91,48.17,9.92,26.61,22.64,26.48,18.82,28.15
7/17/2009,940.38,23.77,23.93,48.45,9.86,26.53,22.38,26.61,19,28.02
7/20/2009,951.13,24.27,24,49.28,9.94,26.59,22.83,27.18,19.17,28.23
7/21/2009,954.58,24.27,23.97,49.71,9.85,26.98,22.84,27.5,19.28,28.51
7/22/2009,954.07,24.44,23.98,49.26,9.86,26.88,22.91,27.58,19.39,28.36
7/23/2009,976.29,25.01,24.31,50.66,10.14,27.42,23.39,28.52,19.77,29.1
7/24/2009,979.26,24.99,24.53,51.19,10.09,27.9,23.41,28.75,19.65,29.56
7/27/2009,982.18,25.09,24.44,51.36,10.25,27.88,23.54,28.81,19.65,29.49
7/28/2009,979.62,25.01,24.47,50.61,10.22,28.07,23.52,28.57,19.69,29.01
7/29/2009,975.15,24.88,24.6,49.44,10.22,28.05,23.41,27.97,19.67,28.87
7/30/2009,986.75,25.27,24.57,50.13,10.46,28.09,23.79,28.82,19.77,29.31
7/31/2009,987.48,25.27,24.52,50.62,10.56,27.87,23.88,29.12,19.7,28.94
8/3/2009,1002.63,25.79,24.55,51.92,10.83,28.04,24.4,30.15,19.97,29.23
8/4/2009,1005.65,25.9,24.59,51.83,11.05,28.11,24.58,30.04,19.91,28.8
8/5/2009,1002.72,25.68,24.43,51.31,11.43,27.71,24.38,30.28,19.73,28.6
8/6/2009,997.08,25.66,24.18,50.89,11.35,27.51,24.51,30.03,19.59,28.65
8/7/2009,1010.48,26.5,24.28,50.83,11.65,27.63,25.12,30.21,19.79,28.92
8/10/2009,1007.1,26.26,24.3,51.05,11.6,27.85,24.88,29.81,19.7,28.98
8/11/2009,994.35,25.98,24.3,50.31,11.17,27.81,24.55,29.74,19.42,29
8/12/2009,1005.81,26.17,24.29,50.85,11.4,27.96,24.98,30.01,19.81,29.14
8/13/2009,1012.73,26.24,24.43,51.47,11.64,27.93,25.09,30.56,19.9,29.04
8/14/2009,1004.09,25.88,24.4,50.71,11.56,27.93,24.73,29.79,19.71,29.04
8/17/2009,979.73,25.06,24.15,49.07,11.08,27.82,24,28.66,19.24,28.64
8/18/2009,989.67,25.34,24.19,49.56,11.3,27.8,24.29,29.09,19.53,28.7
8/19/2009,996.46,25.6,24.35,50.48,11.3,28.19,24.36,29.47,19.58,28.91
8/20/2009,1007.37,25.79,24.47,50.91,11.59,28.39,24.66,29.53,19.8,29.15
8/21/2009,1026.13,26.32,24.74,52.35,11.82,28.68,25.3,30.31,20.09,29.72
8/24/2009,1025.56,26.13,24.75,53.02,11.72,28.88,25.35,30.07,20.03,29.77
8/25/2009,1028,26.4,24.79,52.21,11.87,28.88,25.49,29.92,20.08,29.58
8/26/2009,1028.12,26.55,24.87,52.45,11.84,28.89,25.23,29.81,20.17,29.55
8/27/2009,1030.98,26.6,24.87,52.29,11.96,28.88,25.46,30.02,20.21,29.55
8/28/2009,1028.93,26.61,24.77,52.18,11.98,28.67,25.32,30.21,20.28,29.48
8/31/2009,1020.62,26.16,24.82,51.17,11.94,28.62,25.02,29.81,20.02,29.23
9/1/2009,998.04,25.69,24.59,50.28,11.3,28.16,24.6,28.93,19.61,29
9/2/2009,994.75,25.56,24.61,49.91,11.2,28.22,24.5,29.2,19.65,28.8
9/3/2009,1003.24,25.83,24.66,50.26,11.42,28.09,24.82,29.62,19.74,28.78
9/4/2009,1016.4,26.3,24.84,50.96,11.55,28.49,25.31,30.03,20.09,28.92
9/8/2009,1025.39,26.53,25.05,52.36,11.6,28.36,25.53,30.44,20.24,28.99
9/9/2009,1033.37,26.81,25.04,52.48,11.77,28.69,25.96,30.58,20.39,28.95
9/10/2009,1044.14,27.17,25.22,53.39,11.87,28.91,26.18,30.75,20.67,28.95
9/11/2009,1042.73,27.08,25.33,53.6,11.8,28.92,26.35,30.79,20.69,28.94
9/14/2009,1049.34,27.17,25.27,54,11.95,29.03,26.6,31.18,20.62,29.36
9/15/2009,1052.63,27.3,25.14,54.54,11.98,28.77,26.92,31.87,20.76,29.58
9/16/2009,1068.76,27.82,25.34,55.89,12.39,29.03,27.26,32.31,20.92,30.05
9/17/2009,1065.49,27.79,25.25,55.62,12.35,29.01,27.31,32.16,20.84,29.85
9/18/2009,1068.3,27.8,25.4,55.18,12.29,28.76,27.01,32.01,20.89,29.68
9/21/2009,1064.66,27.69,25.32,54.71,12.18,29.04,26.85,31.69,20.8,29.54
9/22/2009,1071.66,27.8,25.37,55.57,12.46,28.95,27.17,32.04,20.91,29.46
9/23/2009,1060.87,27.4,25.37,54.41,12.21,28.54,26.94,31.53,20.91,29.36
9/24/2009,1050.78,27.14,25.24,53.63,11.96,28.51,26.5,30.84,20.71,29.28
9/25/2009,1044.38,26.98,25.24,53.56,11.85,28.53,26.13,30.54,20.58,29.2
9/28/2009,1062.98,27.49,25.29,54.42,12.25,28.84,26.67,31.12,20.92,29.45
9/29/2009,1060.61,27.62,25.41,54.27,12.19,28.88,26.61,31.15,20.81,29.51
9/30/2009,1057.07,27.47,25.46,53.92,12.13,28.67,26.34,30.94,20.87,29.33
10/1/2009,1029.85,26.87,25.23,52.24,11.6,28.26,25.68,29.73,20.25,28.83
10/2/2009,1025.21,26.53,25.31,51.97,11.6,28.15,25.35,29.61,20.25,28.52
10/5/2009,1040.46,26.94,25.37,53.12,11.97,28.33,25.87,30.11,20.42,28.83
10/6/2009,1054.72,27.35,25.6,54.38,12.12,28.56,26.12,30.74,20.79,29.05
10/7/2009,1057.57,27.37,25.71,54.8,12.25,28.58,26.02,30.75,20.75,29.07
10/8/2009,1065.48,27.81,25.86,56.21,12.27,28.61,26.48,31.47,20.88,29.07
10/9/2009,1071.49,27.8,25.92,56.16,12.38,28.88,26.55,31.5,21.02,29.25
10/12/2009,1076.18,27.94,26.03,56.92,12.47,29.02,26.5,31.58,21.03,29.55
10/13/2009,1073.18,27.99,25.94,57.01,12.35,28.74,26.52,31.75,21.11,29.34
10/14/2009,1092.02,28.34,26.03,57.96,12.77,29.18,27.29,32.43,21.36,29.36
10/15/2009,1096.56,28.38,26.23,59.17,12.66,29.26,27.25,32.49,21.32,29.59
10/16/2009,1087.68,28.33,26.37,58.99,12.36,29.24,27.06,32.04,21.12,29.69
10/19/2009,1097.91,28.65,26.52,59.76,12.42,29.49,27.35,32.53,21.35,30.11
10/20/2009,1091.06,28.36,26.49,59.38,12.32,29.21,27.16,32.19,21.28,29.81
10/21/2009,1081.4,27.99,26.29,59.22,12.08,28.83,26.97,31.81,21.29,29.85
10/22/2009,1092.91,28.36,26.33,59.45,12.44,29.01,27.16,32.19,21.39,29.92
10/23/2009,1079.6,28.25,26.07,58.3,12.26,28.71,26.68,31.55,21.33,29.43
10/26/2009,1066.94,28.08,25.87,57.34,11.95,28.4,26.47,30.74,21.19,29.04
10/27/2009,1063.41,27.6,25.89,57.85,11.86,28.52,26.11,30.49,21.08,28.97
10/28/2009,1042.63,26.82,25.82,55.94,11.49,28.23,25.57,29.55,20.77,28.68
10/29/2009,1066.11,27.54,26.24,57.43,11.97,28.48,26.18,30.43,21.17,28.93
10/30/2009,1036.18,26.82,25.83,55.25,11.41,28.07,25.29,29.34,20.61,28.39
11/2/2009,1042.88,27.08,26.08,55.6,11.51,28.19,25.58,29.6,20.73,28.34
11/3/2009,1045.41,27.1,25.91,56.32,11.54,28.2,26.02,29.9,20.65,28.28
11/4/2009,1046.5,27.11,26.01,56.27,11.38,28.56,25.97,29.9,20.77,28.47
11/5/2009,1066.63,27.85,26.13,57.23,11.67,29.03,26.64,30.43,21.22,28.95
11/6/2009,1069.3,28.1,26.2,57.08,11.62,29.16,26.88,30.69,21.25,28.92
11/9/2009,1093.07,28.71,26.63,58.17,12.03,29.65,27.56,31.69,21.74,29.44
11/10/2009,1093.01,28.81,26.62,58.21,11.99,29.85,27.4,31.73,21.73,29.58
11/11/2009,1098.51,28.84,26.7,58.19,12.16,29.89,27.61,32.04,21.86,29.51
11/12/2009,1087.24,28.52,26.54,56.91,11.93,29.72,27.29,31.89,21.7,29.1
11/13/2009,1093.48,29.02,26.72,57.27,11.9,29.78,27.5,32.01,21.9,29.36
11/16/2009,1109.3,29.49,26.87,58.77,12.03,30.08,28.13,32.67,22.14,29.77
11/17/2009,1110.31,29.25,27,58.67,12.07,30.16,28.08,33.05,22.24,29.61
11/18/2009,1109.8,29.17,26.98,58.44,12.16,30.33,27.93,33.05,22.12,29.48
11/19/2009,1094.9,28.84,26.85,57.13,11.93,30.18,27.51,32.55,21.8,29.12
11/20/2009,1091.38,28.69,26.89,56.6,11.86,30.39,27.46,32.44,21.69,29.25
11/23/2009,1106.24,28.94,27.12,57.33,12.03,30.67,27.96,32.77,22.07,29.62
11/24/2009,1105.65,28.91,27.18,57.66,11.94,30.91,27.73,32.73,22.03,29.68
11/25/2009,1110.63,29.19,27.13,58.11,11.91,31.1,27.96,33.26,22.07,30.02
11/27/2009,1091.49,28.62,26.88,57.02,11.6,30.79,27.42,32.35,21.71,29.51
11/30/2009,1095.63,28.62,26.78,56.82,11.9,30.68,27.51,32.5,21.75,29.76
12/1/2009,1108.86,29.07,27.15,57.57,11.91,31.22,27.96,33.13,22.1,30.32
12/2/2009,1109.24,29.16,27.12,57.23,11.9,31.15,27.88,33.45,22.07,30.73
12/3/2009,1099.92,28.96,26.91,56.31,11.66,31,27.75,32.91,22.08,30.83
12/4/2009,1105.98,29.15,27.05,55.9,11.88,30.98,28.17,32.55,22.22,30.64
12/7/2009,1103.25,29.24,27.02,55.77,11.69,30.94,28.07,32.59,22.18,30.91
12/8/2009,1091.93,29.02,26.71,54.82,11.58,30.7,27.64,32.07,21.98,30.78
12/9/2009,1095.94,29.02,26.76,54.82,11.62,30.96,27.77,32.47,22.19,30.89
12/10/2009,1102.35,29.47,26.85,55.5,11.6,31.28,27.89,32.35,22.29,31.28
12/11/2009,1106.41,29.76,27,55.53,11.69,31.28,28.17,32.44,22.24,31.82
12/14/2009,1114.11,29.99,27.1,56.1,11.75,31.57,28.55,32.91,22.42,31.97
12/15/2009,1107.93,29.95,26.99,56.28,11.56,31.58,28.47,32.59,22.28,31.77
12/16/2009,1109.18,29.98,26.86,56.64,11.64,31.42,28.35,32.92,22.35,31.63
12/17/2009,1096.07,29.62,26.54,56.16,11.42,31.13,28.04,32.19,22.08,31.45
12/18/2009,1102.47,29.61,26.24,56.15,11.55,31.13,27.85,31.99,22.33,31.35
12/21/2009,1114.05,29.99,26.38,56.82,11.72,31.42,28.06,32.46,22.53,31.44
12/22/2009,1118.02,29.97,26.56,57.09,11.74,31.56,28.09,32.65,22.71,31.18
12/23/2009,1120.59,30.16,26.58,57.54,11.69,31.46,28.14,33.15,22.8,31.25
12/24/2009,1126.48,30.18,26.68,57.81,11.8,31.46,28.25,33.41,23.01,31.48
12/28/2009,1127.78,30.16,26.73,57.91,11.76,31.62,28.2,33.44,23.08,31.5
12/29/2009,1126.19,30.26,26.78,57.53,11.71,31.58,28.28,33.49,23.05,31.48
12/30/2009,1126.42,30.05,26.73,57.47,11.72,31.49,28.14,33.45,23.13,31.47
12/31/2009,1115.1,29.77,26.47,57.01,11.69,31.07,27.79,32.99,22.93,31.02
1/4/2010,1132.99,30,26.67,58.81,11.93,31.61,28.32,34.02,23.27,31.08
1/5/2010,1136.52,30.11,26.68,59.29,12.15,31.3,28.42,34.13,23.24,30.71
1/6/2010,1137.14,30.15,26.66,60,12.17,31.62,28.48,34.71,22.98,30.89
1/7/2010,1141.68,30.4,26.66,59.91,12.43,31.73,28.79,34.44,22.89,30.75
1/8/2010,1144.98,30.39,26.57,60.3,12.36,31.78,29.25,34.92,23.04,30.72
1/11/2010,1146.98,30.33,26.64,60.22,12.37,31.96,29.57,34.73,22.95,31.04
1/12/2010,1136.22,29.94,26.79,59.35,12.19,31.73,29.33,34.07,22.7,30.91
1/13/2010,1145.68,30.28,26.98,59.57,12.33,32.15,29.45,34.47,22.92,31.25
1/14/2010,1148.46,30.28,26.9,59.74,12.38,32.44,29.45,34.05,22.98,31.11
1/15/2010,1136.03,29.98,26.77,59.26,12.13,32.22,29.07,33.8,22.66,30.91
1/19/2010,1150.23,30.38,26.93,59.8,12.29,33,29.39,34.34,23.05,31.27
1/20/2010,1138.04,29.97,26.73,58.87,12.25,32.72,28.94,33.73,22.68,30.94
1/21/2010,1116.48,29.59,26.35,57.67,11.9,32.01,28.27,32.27,22.44,30.49
1/22/2010,1091.76,29.02,26.29,56.3,11.52,31.66,27.84,31.63,21.66,29.82
1/25/2010,1096.78,29.17,26.34,56.67,11.58,31.66,28.02,31.91,21.84,30.02
1/26/2010,1092.17,29.21,26.31,56.31,11.38,31.48,27.9,31.46,21.78,30.14
1/27/2010,1097.5,29.26,26.37,56.09,11.65,31.7,27.98,31.19,21.96,29.94
1/28/2010,1084.53,29.09,26.3,55.5,11.6,31.5,27.66,30.63,21.33,29.71
1/29/2010,1073.87,28.91,26.2,54.5,11.51,31.28,27.38,30.14,20.96,29.53
2/1/2010,1089.18,29.28,26.4,56.3,11.71,31.46,27.79,31.34,21.2,29.72
2/2/2010,1103.31,29.69,26.78,57.04,11.82,32.11,28.32,31.44,21.41,29.96
2/3/2010,1097.28,29.71,26.59,56.55,11.69,31.68,28.15,31.08,21.46,29.75
2/4/2010,1063.11,28.85,26.05,54.23,11.19,30.88,27.32,29.92,20.86,28.97
2/5/2010,1066.18,28.77,25.98,54.24,11.32,30.83,27.2,30.48,21.07,28.92
2/8/2010,1056.74,28.59,25.95,53.74,11.09,30.68,26.9,29.99,20.98,28.59
2/9/2010,1070.52,29.03,26.26,54.87,11.21,30.92,27.42,30.72,21.16,28.88
2/10/2010,1068.13,28.91,26.23,54.64,11.3,30.73,27.38,30.51,21.1,28.75
2/11/2010,1078.47,29.25,26.44,55.57,11.32,30.94,27.79,31.03,21.32,28.92
2/12/2010,1075.51,29.25,26.44,55.59,11.33,30.87,27.57,30.97,21.36,28.81
2/16/2010,1094.87,29.72,26.71,56.9,11.56,31.14,28.22,31.75,21.68,29.31
2/17/2010,1099.51,29.96,26.9,56.82,11.6,31.38,28.46,31.77,21.74,29.19
2/18/2010,1106.75,30.15,27.06,57.14,11.68,31.53,28.72,32.11,21.88,29.35
2/19/2010,1109.17,30.22,27.12,57.36,11.74,31.53,28.86,32.29,21.82,29.76
2/22/2010,1108.01,30.21,27.12,56.57,11.9,31.44,28.88,32.15,21.78,29.6
2/23/2010,1094.6,30.03,26.97,55.63,11.68,31.14,28.51,31.64,21.51,29.4
2/24/2010,1105.24,30.42,27.14,55.98,11.88,31.37,28.8,31.56,21.72,29.43
2/25/2010,1102.93,30.47,27.16,56.01,11.85,31.39,28.73,31.49,21.66,29.37
2/26/2010,1104.49,30.52,27.03,56.14,11.92,31.4,28.84,31.5,21.69,29.14
3/1/2010,1115.71,31,27.22,56.66,11.95,31.7,29.22,31.98,21.97,29.56
3/2/2010,1118.31,30.84,27.32,57.13,11.99,31.81,29.27,32.25,21.94,29.65
3/3/2010,1118.79,30.93,27.33,57.38,12,31.68,29.31,32.53,21.95,29.6
3/4/2010,1122.97,31.21,27.42,57.08,12.12,31.58,29.45,32.75,22.04,29.66
3/5/2010,1138.69,31.79,27.59,58.15,12.36,32.02,29.9,33.17,22.31,29.96
3/8/2010,1138.5,31.87,27.49,58.06,12.38,31.83,29.76,33.17,22.43,29.96
3/9/2010,1140.44,31.82,27.45,58.06,12.42,31.81,30,32.96,22.53,29.92
3/10/2010,1145.61,31.89,27.41,58.57,12.56,31.83,30.06,32.97,22.68,29.93
3/11/2010,1150.24,32.12,27.46,58.47,12.67,32.08,30.17,33.16,22.77,30.03
3/12/2010,1149.99,32.21,27.48,58.5,12.62,31.84,30.37,33.29,22.75,29.84
3/15/2010,1150.51,32.17,27.69,57.9,12.62,32.05,30.37,33.28,22.73,29.95
3/16/2010,1159.46,32.41,27.82,58.42,12.77,32.14,30.78,33.77,22.9,30.3
3/17/2010,1166.21,32.57,27.94,59.06,12.93,32.15,30.83,33.96,22.97,30.4
3/18/2010,1165.82,32.56,27.97,58.18,12.85,32.37,31.04,33.72,23,30.26
3/19/2010,1159.9,32.4,27.77,57.28,12.74,32.25,30.81,33.28,22.79,29.96
3/22/2010,1165.81,32.74,27.91,57.13,12.81,32.46,30.9,33.77,22.96,29.76
3/23/2010,1174.17,32.87,28.13,57.35,12.91,32.62,31.25,34.21,23.18,29.88
3/24/2010,1167.72,32.74,27.93,57.02,12.92,32.27,31.03,34.11,23.07,29.57
3/25/2010,1165.73,32.93,27.89,56.06,12.98,32.14,31.01,33.43,23.11,29.38
3/26/2010,1166.59,33.06,27.91,56.08,12.99,31.9,31.09,33.68,23,29.45
3/29/2010,1173.22,33.11,28.04,57.17,13.01,32.24,31.37,34.04,23.07,29.81
3/30/2010,1173.27,33.08,28.09,57.26,12.93,32.24,31.42,34.09,23.17,29.73
3/31/2010,1169.43,32.84,27.93,57.52,12.95,32.13,31.24,33.92,23.1,29.66
4/1/2010,1178.1,33.07,28.11,58.54,13.06,32.31,31.44,34.51,23.06,30.07
4/5/2010,1187.43,33.47,28.11,59.58,13.19,32.22,31.67,34.93,23.33,30.25
4/6/2010,1189.43,33.52,28.02,59.58,13.33,32.2,31.68,34.99,23.35,30.5
4/7/2010,1182.44,33.4,27.84,58.99,13.28,32.06,31.5,34.77,23.26,30.2
4/8/2010,1186.43,33.72,27.89,59.2,13.38,31.94,31.6,34.85,23.3,30.02
4/9/2010,1194.37,33.97,28.04,59.83,13.43,32.08,31.78,34.91,23.48,30.24
4/12/2010,1196.48,33.97,28.13,59.97,13.49,31.99,31.85,34.8,23.53,30.32
4/13/2010,1197.3,34.15,28.04,59.76,13.5,32.02,31.9,34.67,23.6,30.16
4/14/2010,1210.65,34.68,28.08,60.33,13.85,31.91,32.31,34.93,23.94,30.19
4/15/2010,1211.67,34.83,28.03,60.32,13.79,31.82,32.62,34.93,24.05,30.18
4/16/2010,1192.13,34.37,27.91,59.3,13.29,31.63,32.09,34.33,23.73,29.83
4/19/2010,1197.52,34.43,28.02,59.38,13.42,31.89,32.03,34.34,23.78,29.86
4/20/2010,1207.17,34.85,28.1,60.54,13.59,31.96,32.4,34.45,23.91,30.24
4/21/2010,1205.93,35.01,28.1,60.48,13.51,31.4,32.62,34.36,23.96,30.27
4/22/2010,1208.67,35.64,28.1,60.63,13.59,31.04,32.92,34.7,24.02,30.37
4/23/2010,1217.28,35.67,28.03,62.09,13.63,31.35,33.12,35.01,24.08,30.61
4/26/2010,1212.05,35.95,27.97,61.88,13.41,31.02,33.19,35.16,24.05,30.5
4/27/2010,1183.71,34.91,27.48,59.98,12.96,30.66,32.39,33.88,23.58,29.98
4/28/2010,1191.36,34.79,27.7,60.59,13.15,30.86,32.62,34.29,23.65,30.29
4/29/2010,1206.78,35.56,27.79,60.66,13.45,31.28,33.36,34.6,23.89,30.32
4/30/2010,1186.68,34.82,27.63,59.91,13.12,30.88,32.57,33.99,23.39,30.44
5/3/2010,1202.26,35.52,27.79,60.59,13.37,31.03,33.22,33.97,23.71,30.83
5/4/2010,1173.6,34.48,27.51,58.97,13.01,30.85,32.17,32.79,23.03,30.3
5/5/2010,1165.87,33.99,27.61,58.04,12.94,30.95,31.76,32.55,22.93,30.09
5/6/2010,1128.15,32.78,26.92,56.05,12.39,30.12,30.71,31.48,22.24,29.26
5/7/2010,1110.88,32.18,26.74,54.99,12.25,29.72,30.03,31.13,21.75,29.1
5/10/2010,1159.73,33.86,27.52,57.34,12.94,30.52,31.75,32.61,22.75,30
5/11/2010,1155.79,33.85,27.51,56.96,12.89,30.46,31.66,32.2,22.6,30.06
5/12/2010,1171.67,34.34,27.7,57.75,13.03,30.71,32.36,32.87,23.19,30.31
5/13/2010,1157.43,33.57,27.53,57.38,12.8,30.38,31.86,32.38,22.85,30.18
5/14/2010,1135.68,33.01,27.27,56.24,12.46,29.97,31.19,31.59,22.41,29.93
5/17/2010,1136.94,33.26,27.56,55.66,12.47,29.97,31.11,31.59,22.52,29.96
5/18/2010,1120.8,32.64,27.4,55.23,12.12,29.73,30.72,31.05,22.18,29.67
5/19/2010,1115.05,32.44,27.33,54.6,12.13,29.66,30.33,31.05,22.01,29.37
5/20/2010,1071.59,31.18,26.52,52.16,11.57,28.73,29.01,29.64,21.31,28.49
5/21/2010,1087.69,31.73,26.62,53.07,11.98,28.8,29.42,30.37,21.47,28.62
5/24/2010,1073.65,31.51,26.43,51.86,11.64,28.73,28.98,29.85,21.37,28.35
5/25/2010,1074.03,31.83,26.12,51.98,11.74,28.61,28.96,30.35,21.31,28.2
5/26/2010,1067.95,31.73,25.95,51.87,11.66,28.43,29.02,30.11,21.1,28.19
5/27/2010,1103.06,32.87,26.48,54.07,12.19,29.01,30,31.3,21.82,28.73
5/28/2010,1089.41,32.37,26.35,53.05,11.92,28.87,29.6,30.75,21.64,28.76
6/1/2010,1070.71,31.88,26.29,50.53,11.67,28.55,28.94,29.76,21.43,28.09
6/2/2010,1098.38,32.68,26.74,52.72,12.03,29.17,29.69,30.68,21.91,28.68
6/3/2010,1102.83,32.79,26.78,53.43,11.97,29.34,29.83,30.31,22.13,28.98
6/4/2010,1064.88,31.52,26.07,51.55,11.49,28.48,28.43,29.11,21.42,28.12
6/7/2010,1050.47,30.92,25.87,51.1,11.26,28.44,27.7,28.59,21.11,28.29
6/8/2010,1062,31.18,26.29,51.95,11.5,28.51,27.99,29.24,21.15,28.66
6/9/2010,1055.69,31.22,26.24,51.41,11.38,28.38,27.99,29.28,21.04,28.5
6/10/2010,1086.84,32.28,26.69,53.99,11.75,28.92,29.07,30.33,21.55,29.2
6/11/2010,1091.6,32.25,26.47,54.32,11.78,29.16,29.17,30.67,21.74,29.22
6/14/2010,1089.63,32.34,26.62,54.04,11.73,29.21,29.14,30.37,21.7,29.39
6/15/2010,1115.23,33.11,26.89,55.62,12.01,29.71,30.02,31.12,22.27,29.96
6/16/2010,1114.61,32.88,26.71,55.58,12.02,29.82,29.94,31.08,22.33,30.15
6/17/2010,1116.04,32.68,26.95,55.52,12,29.86,30.03,30.91,22.41,30.37
6/18/2010,1117.51,32.47,26.66,55.61,12.04,29.55,30,30.95,22.33,30.08
6/21/2010,1113.2,32.21,26.59,55.49,12.03,29.5,30.05,31.14,22.17,29.87
6/22/2010,1095.31,31.49,26.3,53.87,11.84,29.21,29.32,30.37,21.98,29.13
6/23/2010,1092.04,31.47,26.47,53.46,11.78,29.09,29.21,30.43,21.94,28.87
6/24/2010,1073.69,30.72,26.15,52.34,11.57,28.88,28.7,29.66,21.5,28.71
6/25/2010,1076.76,30.81,25.88,52.49,11.88,29.01,28.92,30.1,21.48,28.84
6/28/2010,1074.57,30.58,26.1,51.78,11.77,28.96,28.72,29.76,21.52,29.03
6/29/2010,1041.24,29.49,25.68,50.07,11.35,28.43,27.61,28.66,20.72,28.44
6/30/2010,1030.71,29.13,25.5,49.68,11.21,28.2,27.43,28.37,20.4,28.26
7/1/2010,1027.37,29.37,25.55,49.5,11.11,27.96,27.35,28.21,20.32,28.13
7/2/2010,1022.58,29.04,25.45,49.38,10.98,28.03,27.01,28.05,20.29,28.16
7/6/2010,1028.06,29.04,25.6,49.86,11.04,28.17,27.06,28.08,20.49,28.49
7/7/2010,1060.27,29.86,26.09,51.62,11.53,28.72,28,29.2,21.15,29.37
7/8/2010,1070.25,30.12,26.48,52.35,11.62,28.96,28.36,29.68,21.28,29.6
7/9/2010,1077.96,30.41,26.48,52.62,11.78,29.03,28.64,30.39,21.39,29.8
7/12/2010,1078.75,30.45,26.57,52.48,11.8,28.98,28.49,29.99,21.49,29.9
7/13/2010,1095.34,31.21,26.81,53.11,12.09,29.2,28.99,30.8,21.8,30
7/14/2010,1095.17,31.01,26.82,53.05,12,29.2,29.05,30.7,21.93,30.01
7/15/2010,1096.48,31.11,26.9,52.99,11.98,29.29,29.04,30.67,22,30.21
7/16/2010,1064.88,30.02,26.52,51.73,11.47,28.68,28.07,29.83,21.37,29.69
7/19/2010,1071.25,30.31,26.57,52.06,11.47,28.81,28.23,29.86,21.58,30.15
7/20/2010,1083.48,30.74,26.89,53.25,11.59,28.73,28.67,30.76,21.72,30.42
7/21/2010,1069.59,30.19,26.6,52.38,11.4,28.26,28.6,30.66,21.46,29.95
7/22/2010,1093.67,31.1,26.9,53.54,11.73,28.44,29.48,31.32,22.04,30.43
7/23/2010,1102.66,31.55,27.15,53.78,11.82,28.43,30.07,32.01,22.19,30.48
7/26/2010,1115.01,32.02,27.29,54.25,11.99,28.84,30.56,32.2,22.32,30.7
7/27/2010,1113.84,31.61,27.39,53.99,12.02,28.87,30.35,31.94,22.39,31.15
7/28/2010,1106.13,31.39,27.24,53.87,11.91,28.48,30.27,31.84,22.21,31
7/29/2010,1101.53,31.23,26.91,53.95,11.95,28.46,30.17,31.81,22.01,30.52
7/30/2010,1101.6,31.44,26.98,53.84,11.95,28.57,30.29,32.01,21.92,30.37
8/2/2010,1125.86,32.11,27.29,55.72,12.25,29.11,30.89,32.87,22.38,31
8/3/2010,1120.46,31.62,27.05,55.7,12.11,29.35,30.73,32.27,22.26,30.85
8/4/2010,1127.24,32.15,27.15,56.13,12.16,29.64,31,32.57,22.44,30.98
8/5/2010,1125.81,32.25,27.03,56.31,12.11,29.65,31.02,32.64,22.34,30.93
8/6/2010,1121.64,32.03,27.09,55.64,12,29.71,30.85,32.49,22.28,30.99
8/9/2010,1127.79,32.34,27.23,55.87,12.07,29.79,31.01,32.69,22.43,31.1
8/10/2010,1121.06,32.06,27.29,55.41,11.96,29.86,30.8,32.34,22.2,31.28
